signal_type,wavelet,wavelet_energy_entropy,wavelet_sparsity,wavelet_adaptive_threshold,wavelet_psnr,signal_length,scales_used,emd_value,kl_divergence,is_complex,wavelet_entropy,avg_variance_across_levels,variance_ratio_across_levels,smoothness,correlation,relative_num_peaks,avg_prominence,prominence_min,prominence_max,relative_peaks,relative_prominences,relative_left_bases,relative_right_bases,prominence_threshold,distance_factor,max_autocorrelation,upper_envelope,lower_envelope,fft_frequency_max,fft_amplitude_max,fft_spectral_centroid,fft_spectral_bandwidth,fft_spectral_magnitude,fft_variance_magnitude,fft_num_peaks,fft_peak_amplitude,fft_dominant_frequency,fft_positive_frequencies,fft_positive_amplitudes,fft_snr_threshold,fft_stationarity_threshold,fft_dynamic_cutoff,fft_dynamic_cutoff_percentile,wavelet_type,htid,fft_frequency_max_diff,fft_stationarity_threshold_diff,fft_amplitude_max_diff,fft_spectral_magnitude_diff,relative_left_bases_array_alignment_score,relative_left_bases_global_alignment_score,fft_snr_threshold_diff,lower_envelope_diff,relative_peaks_array_alignment_score,relative_peaks_global_alignment_score,relative_prominences_avg_diff,relative_prominences_total_diff,relative_prominences_wasserstein,max_autocorrelation_diff,prominence_threshold_diff,prominence_min_diff,fft_peak_amplitude_diff,fft_dynamic_cutoff_diff,avg_prominence_diff,fft_num_peaks_diff,prominence_max_diff,upper_envelope_diff,relative_right_bases_array_alignment_score,relative_right_bases_global_alignment_score,fft_dominant_frequency_diff,fft_dynamic_cutoff_percentile_diff,fft_spectral_centroid_diff,relative_num_peaks_diff,fft_variance_magnitude_diff,fft_spectral_bandwidth_diff,distance_factor_diff,emd_value_normalized,smoothness_normalized,wavelet_psnr_normalized,wavelet_entropy_normalized,wavelet_energy_entropy_normalized,wavelet_sparsity_normalized,correlation_normalized,avg_variance_across_levels_normalized,kl_divergence_normalized,prominence_min_diff_normalized,avg_prominence_diff_normalized,relative_prominences_avg_diff_normalized,relative_prominences_wasserstein_normalized,relative_prominences_total_diff_normalized,prominence_max_diff_normalized,relative_num_peaks_diff_normalized,max_autocorrelation_diff_normalized,relative_right_bases_global_alignment_score_normalized,relative_left_bases_global_alignment_score_normalized,upper_envelope_diff_normalized,lower_envelope_diff_normalized,relative_peaks_global_alignment_score_normalized,reconstruction_signal_weighted_score,reconstruction_signal_normalized_weighted_score,reconstruction_signal_normalized_weighted_rank,wavelet_signal_weighted_score,wavelet_signal_normalized_weighted_score,wavelet_signal_normalized_weighted_rank,reconstruction_signal_num_missing_metrics,reconstruction_signal_missing_metrics_count,reconstruction_signal_dynamically_weighted_score,reconstruction_signal_normalized_dynamically_weighted_score,reconstruction_signal_normalized_dynamically_weighted_rank,wavelet_signal_num_missing_metrics,wavelet_signal_missing_metrics_count,wavelet_signal_dynamically_weighted_score,wavelet_signal_normalized_dynamically_weighted_score,wavelet_signal_normalized_dynamically_weighted_rank,rank_variability,normalized_rank_stability,average_rank,harmonic_average_rank,stability_score_weighted,stability_rank,wavelet_family,normalized_family_mean_rank,normalized_family_std_dev,final_family_stability_score,final_family_stability_rank,family_informed_rank,relative_right_bases_array_alignment_score_normalized,relative_left_bases_array_alignment_score_normalized,relative_peaks_array_alignment_score_normalized,across_emd_value_normalized,across_smoothness_normalized,across_wavelet_psnr_normalized,across_wavelet_entropy_normalized,across_wavelet_energy_entropy_normalized,across_wavelet_sparsity_normalized,across_correlation_normalized,across_avg_variance_across_levels_normalized,across_kl_divergence_normalized,across_prominence_min_diff_normalized,across_avg_prominence_diff_normalized,across_relative_prominences_avg_diff_normalized,across_relative_prominences_wasserstein_normalized,across_relative_prominences_total_diff_normalized,across_prominence_max_diff_normalized,across_relative_num_peaks_diff_normalized,across_max_autocorrelation_diff_normalized,across_relative_right_bases_global_alignment_score_normalized,across_relative_right_bases_array_alignment_score_normalized,across_relative_left_bases_global_alignment_score_normalized,across_relative_left_bases_array_alignment_score_normalized,across_upper_envelope_diff_normalized,across_lower_envelope_diff_normalized,across_relative_peaks_array_alignment_score_normalized,across_relative_peaks_global_alignment_score_normalized,across_reconstruction_signal_weighted_score,across_reconstruction_signal_normalized_weighted_score,across_reconstruction_signal_normalized_weighted_rank,across_wavelet_signal_weighted_score,across_wavelet_signal_normalized_weighted_score,across_wavelet_signal_normalized_weighted_rank,across_rank_variability,across_normalized_rank_stability,across_average_rank,across_harmonic_average_rank,across_stability_score_weighted,across_stability_rank,family_mean_stability_rank,family_median_stability_rank,family_rank_std_dev,family_wavelet_count,across_normalized_family_mean_rank,across_normalized_family_std_dev,across_final_family_stability_score,across_final_family_stability_rank,across_family_informed_rank,across_top_wavelet_rank
smoothed,morl,19.671263479409202,0.6434431964178953,204.1467652350598,-27.981667344953603,619,127,13087.632340215157,,False,14.888310917303796,64872.01126744123,0.015613725613509401,1.9629640978653587e-07,0.37418988791851787,22,17705.526270380524,67.71655965849277,60738.75552220586,"[21, 56, 87, 110, 134, 168, 194, 214, 235, 260, 293, 334, 354, 386, 421, 442, 464, 486, 506, 547, 571, 600]","[59774.9191500141, 901.6937038713204, 33988.9847943532, 935.1681068851576, 3339.32079799834, 37963.53019233748, 2675.3931292277757, 155.05816165656506, 47608.627322622735, 3707.554669147159, 14019.831503287494, 947.2101688083062, 29149.63476793482, 14437.871782217604, 7026.6402338533335, 7010.176541056338, 34970.22449243457, 500.7980146051905, 15523.587866375601, 14078.880467820181, 67.71655965849277, 60738.75552220586]","[0, 54, 65, 107, 128, 117, 191, 211, 117, 255, 270, 313, 313, 376, 410, 376, 376, 485, 496, 517, 558, 117]","[117, 65, 117, 117, 139, 211, 211, 215, 558, 270, 313, 335, 376, 410, 429, 448, 558, 496, 558, 558, 572, 618]",0.05,30,213971377207.8532,65705.968107422,-65705.968107422,,,,,,,,,,,,,,,,CWT,txu.059172014718840,,,,,0.09090909090909091,-0.5,,64968.301440755335,0.2727272727272727,16.0,17267.374755229008,379882.2446150382,17275.217952654173,,0.0,23.049892991826084,,,17267.374755229008,,60001.088855539194,64968.301440755335,0.09090909090909091,-2.0,,,,0.0,,,0.0,0.0010523687145597982,0.0,0.9175322640046872,0.5681713383906242,0.7276014940652413,0.3273940766342888,0.9999999999999998,0.01867222020281062,,0.018011452563066268,0.8443184112599402,0.8443184112599402,0.8443354426399096,1.0,0.374719931104665,0.0,,0.6153846153846154,0.75,0.09299782418642366,0.09299782418642366,0.7142857142857142,2.1692498149393633,0.9517200223267319,3,1.7371480039799525,0.7974031122741906,4,0,0,0.6127579751247133,1.0,1,1,0.11111111111111112,0.43949741469597087,0.7878591943287433,3,1.2583057392117916,0.9101210186277292,2.75,2.0869565217391304,0.8568462235995788,1,morl,0.09090909090909091,,,6,2.25,1.0,1.0,1.0,0.0010523335924881583,0.004002434556260114,0.8187096565204708,0.5681713383906242,0.7405684093623519,0.3273940766342888,1.0,0.018672220202810647,,0.01801145256306627,0.8463000936110332,0.8463000936110332,0.8465570408021864,0.781896740629996,0.3667915079570738,0.0,,0.6153846153846154,1.0,0.75,1.0,0.09896006761654519,0.09896006761654519,1.0,0.7142857142857142,2.0604743599119533,0.9434357791018705,4,1.6855386169682347,0.8072949119202371,7,2.1213203435596424,0.9214325798681614,5.5,5.090909090909091,0.8588644380822288,1,2.0,2.0,1.4142135623730951,2,0.08,0.11111111111111112,0.9106666666666667,1,1.0,1
raw,morl,19.838071794806382,0.6643303270451452,243.54506135899828,-26.175659496152658,619,127,13235.56100023495,,False,14.96189184021584,77262.2881531646,0.01862611486180266,1.673533551925271e-08,0.25549437780378015,23,20044.278175096166,299.3659964720973,59467.522927632424,"[20, 46, 86, 107, 128, 148, 169, 193, 213, 234, 257, 292, 332, 353, 385, 420, 443, 467, 505, 525, 546, 578, 599]","[59467.522927632424, 1527.568374816377, 40106.77394724437, 5310.943547565098, 3671.7129917734383, 5572.746291339064, 41706.50143162738, 6195.021308781776, 1819.0235345022702, 54199.67585842585, 11039.080121438103, 18912.396597330237, 354.38648309086875, 32493.591980501442, 18044.55364037209, 11585.562214986716, 10456.837015405432, 41356.068080277204, 21095.35576692416, 6784.562381564534, 15481.188834501343, 299.3659964720973, 53537.95870063953]","[0, 45, 64, 106, 127, 118, 118, 190, 212, 118, 256, 269, 314, 314, 375, 411, 375, 375, 497, 516, 528, 497, 118]","[118, 64, 118, 118, 129, 151, 210, 210, 214, 497, 269, 314, 333, 375, 411, 423, 447, 497, 558, 528, 558, 579, 618]",0.05,30,219239000931.44354,67149.92918997507,-67149.92918997507,,,,,,,,,,,,,,,,CWT,txu.059172014718840,,,,,0.0,-12.0,,66229.92918997507,0.0,0.0,19374.959993277986,446293.3980272118,19384.888387962146,,0.0,9.365996472097322,,,19374.959993277986,,58548.522927632424,66229.92918997507,0.0,-7.5,,,,1.0,,,0.0,0.0002639302048616371,0.0,0.9150684494394365,0.6244204347145436,0.7584621393008075,0.5235535647629709,1.0,0.0,,0.0,1.0,1.0,1.0,0.9494724196542403,0.34929915255111166,0.0,,0.6666666666666666,0.2857142857142857,0.10472143185281385,0.10472143185281385,0.9615384615384615,1.8788201463895886,0.7713229149084715,4,1.8499829616379841,0.8103695209534958,3,0,0,0.5351778208191994,0.8097474320377959,4,1,0.11111111111111112,0.4721655092472719,0.8088593696417087,3,0.5773502691896257,0.9555884408315672,3.5,3.428571428571429,0.8431788358003991,1,morl,0.1111111111111111,,,5,2.0,,,,0.004139181321275276,0.0,0.924935393347676,0.6162714667385086,0.7578122278569449,0.42524283415767816,0.6681007702062725,0.03605665658962762,,0.00511883066145126,0.9861304961591828,0.9861304961591828,0.9866243537257109,0.9508978601952909,0.35205543083907,0.16666666666666666,,0.33333333333333337,0.0,0.11111111111111113,0.0,0.10441342254653269,0.10441342254653269,0.0,0.33333333333333326,1.7602210453252296,0.8059578636828457,9,1.6950049420841462,0.8118288431062243,6,2.1213203435596424,0.9214325798681614,7.5,7.199999999999999,0.8218274010451918,3,2.0,2.0,1.4142135623730951,2,0.08,0.11111111111111112,0.9106666666666667,1,2.5,2
smoothed,gaus8,20.03204778714866,0.6463689211707987,229.22976885231725,-30.31016486941505,619,127,16509.270120845104,,False,14.816920788728186,91239.75645184077,0.015587606805786327,1.8784849957455582e-06,0.294148176558407,18,20022.1587615396,125.36037053277687,70030.3288187114,"[23, 55, 82, 103, 135, 168, 194, 237, 260, 293, 353, 386, 421, 443, 463, 507, 550, 598]","[70030.3288187114, 667.1821051665811, 20692.581100507046, 125.36037053277687, 969.9409596836958, 21913.633751218862, 7469.25866633849, 63494.1597182172, 1268.5238509557162, 8874.217382777115, 24073.240246901412, 32664.380793050022, 5115.673580980839, 10422.573380776854, 4607.763658732601, 9247.257182965945, 8779.138705606201, 69983.64343458999]","[0, 53, 64, 102, 133, 139, 182, 139, 257, 277, 314, 314, 413, 438, 460, 497, 497, 497]","[497, 64, 139, 139, 139, 211, 211, 497, 314, 314, 376, 497, 438, 497, 497, 515, 557, 618]",0.05,30,364918273915.6989,79709.93801914778,-79709.93801914778,,,,,,,,,,,,,,,,CWT,txu.059172014718840,,,,,0.0,-4.0,,78972.27135248111,0.0,23.0,19584.007246388082,350759.5243743795,19586.35013452547,,0.0,80.69370386611018,,,19584.007246388082,,69292.66215204472,78972.27135248111,0.0,0.5,,,,4.0,,,0.0,0.0724545386801358,0.03764683317235069,0.7640432376411537,0.5215033406085963,0.7667617254244595,0.34110005363208373,0.7652942024788862,0.05566803498965926,,0.07232199616436205,1.0,1.0,0.9999999999999999,0.9052168595296183,0.47101916036236313,0.6666666666666666,,0.7435897435897436,0.5555555555555556,0.15393018305720887,0.15393018305720887,0.8809523809523809,2.2441583547898554,0.9845848204371174,2,1.6004138035972175,0.7346380072343704,5,0,0,0.506878848595674,0.8272088967793688,3,1,0.11111111111111112,0.41000344027286,0.7349872134033963,5,1.5,0.8928571428571429,3.75,3.243243243243244,0.8125,2,gaus,0.7840909090909091,1.0,0.15113636363636365,1,1.75,0.0,0.0,0.0,0.07245212056045439,0.041498588742588015,0.6817521314463355,0.5215033406085963,0.7778645064036974,0.3411000536320838,0.7761854485808886,0.055668034989659276,,0.07232199616436204,1.0,1.0,1.0,0.7077861120295296,0.4610532127199015,0.6666666666666666,,0.7435897435897436,0.0,0.5555555555555556,0.0,0.1594918832846272,0.1594918832846272,0.0,0.8809523809523809,2.1426846873095475,0.9810776764181193,2,1.5621018300459133,0.7481744094155766,8,4.242640687119285,0.8428651597363228,5.0,3.2,0.8288399872755688,2,15.625,15.5,7.428548534763257,16,0.625,0.583641893700499,0.3874074318898503,5,2.75,3
raw,fbsp,18.027598323522938,0.6931805172172542,519.1217252159387,-34.724083254357275,619,127,37002.05348508773,-775763.3605748017,True,15.053652200909017,269717.6462979472,0.017373328299022925,2.791398982249397e-08,0.07767476098463295,25,19212.548497910284,239.2795961594893,81704.03462618489,"[33, 61, 84, 106, 129, 151, 171, 194, 215, 236, 259, 290, 310, 332, 355, 388, 418, 444, 465, 504, 527, 549, 571, 591, 614]","[81704.03462618489, 9184.346000523314, 24906.860965480308, 3925.6473618607233, 3463.307182438731, 6823.811203518237, 26577.740771343673, 13184.94909356164, 2737.487495840227, 51053.27528478089, 9107.174307534784, 13623.144070142653, 1594.3504038383207, 7788.340948154663, 30874.536043004904, 18518.479218111377, 10215.952199529203, 14573.458123807752, 32894.15684077161, 15214.731683846205, 6754.914872725836, 15409.384140423317, 3546.453416469143, 76397.89659770523, 239.2795961594893]","[0, 59, 63, 104, 127, 144, 144, 182, 211, 144, 257, 284, 309, 312, 312, 376, 394, 394, 312, 490, 312, 312, 0, 0, 613]","[312, 63, 312, 144, 130, 153, 211, 211, 216, 312, 312, 312, 312, 334, 376, 394, 430, 456, 490, 513, 528, 555, 572, 618, 618]",0.05,30,1565729747073.9404,146617.85828688965,-146617.85828688965,,,,,,,,,,,,,,,,CWT,txu.059172014718840,,,,,0.0,-11.0,,145697.85828688965,0.0,-9.5,18543.230316092104,465588.71244775713,18547.287948399346,,0.0,50.7204038405107,,,18543.230316092104,,80785.03462618489,145697.85828688965,0.0,-6.5,,,,3.0,,,0.0,0.4981324781983376,0.000898437809326396,0.3461762207120159,0.6856750352729902,0.5711438383077768,0.692870474057484,0.25576575274260255,0.28269891163887995,0.0,0.16566305656966818,0.9440417314415079,0.9440417314415079,0.9436352940543653,0.9999999999999999,0.5758450543661645,1.0,,0.7999999999999999,0.4285714285714285,0.4492328874731204,0.4492328874731204,0.23076923076923078,2.4358412152354343,1.0,1,1.478358499395479,0.6475825419991508,6,0,0,0.6609194418466762,1.0,1,0,0.0,0.3703734609710459,0.6344809993653494,8,3.559026084010437,0.7262287627684278,4.0,1.7454545454545456,0.7092682275380601,4,fbsp,0.4444444444444444,,,3,3.75,,,,0.5000778543160085,0.00024917333814331553,0.4221343601022456,0.6762555625056411,0.5706544362699243,0.560395685596806,0.1708772963997198,0.3060851605389743,0.1993176914211927,0.04408190944516042,0.9309483410213882,0.9309483410213882,0.9310135621491593,1.0000000000000002,0.5776417157228605,0.5,,0.3846153846153847,0.0,0.16666666666666669,0.0,0.44791159241841033,0.44791159241841033,0.0,0.1071428571428571,2.0956399174766998,0.959537141896827,3,1.5215040573280525,0.7287299570485496,10,4.949747468305833,0.8166760196923766,6.5,4.615384615384615,0.7879676394758179,4,10.0,10.0,8.48528137423857,2,0.4,0.6666666666666666,0.52,3,3.75,4
smoothed,cgau8,15.637491475891888,0.6800783585412082,280.2551603485312,-29.34681607232843,619,127,16625.646824772477,-667602.9418258041,True,15.293341679906518,80772.6618379082,0.016113282248758503,4.487969855035457e-05,0.23968933916588736,19,14653.592120413565,287.14787960615104,48925.68977362994,"[23, 55, 86, 110, 135, 168, 194, 237, 260, 292, 353, 386, 420, 443, 465, 503, 524, 548, 600]","[48209.4227180225, 462.7984623822422, 20375.292512396583, 287.14787960615104, 1266.074271126141, 23051.853552098793, 3962.541317945739, 41360.73161875018, 1208.286557772606, 8366.56923689806, 20161.59826643909, 9330.871576905365, 4547.589204132618, 23045.037561799894, 4282.80523885556, 9222.328186593062, 1726.4379113477607, 8625.174441155435, 48925.68977362994]","[0, 53, 64, 108, 128, 117, 182, 117, 257, 269, 314, 375, 413, 314, 449, 497, 516, 497, 117]","[117, 64, 117, 117, 139, 212, 212, 497, 269, 314, 375, 413, 429, 497, 497, 516, 528, 557, 618]",0.05,30,296089466241.5083,63578.47455644205,-63578.47455644205,,,,,,,,,,,,,,,,CWT,txu.059172014718840,,,,,0.0,4.0,,62840.80788977539,0.0,28.0,14215.440605262049,268778.9169545244,14215.44060526205,,0.0,242.48121293948435,,,14215.440605262049,,48188.02310696328,62840.80788977539,0.0,5.5,,,,3.0,,,0.0,0.07488306844471129,1.0,0.8275449022811046,0.8329414838985942,0.28976802537083957,0.4990167451284192,0.6056049024240922,0.04098195959772245,0.8497965428479168,0.2247541034869966,0.6392233178387219,0.6392233178387219,0.6382464572766525,0.6384018311012307,0.25228758402451984,0.5,,1.0,1.0,0.08374093479286338,0.08374093479286338,1.0,1.7212752404123484,0.7551790941521793,7,2.1785066765360535,1.0,1,0,0,0.44664123207683804,0.7289031725550926,5,0,0.0,0.557837514443711,1.0,1,3.0,0.7857142857142857,3.5,1.7073170731707317,0.7678571428571428,3,cgau,0.2727272727272727,,,2,2.75,0.0,0.0,0.0,0.07488056927454323,1.0,0.7384143634848448,0.8329414838985942,0.323577013510157,0.4990167451284192,0.6239063424161568,0.040981959597722474,0.6963763673108145,0.2247541034869966,0.6438156706629126,0.6438156706629126,0.6434092960071942,0.4991643109502737,0.24694961677219573,0.5,,1.0000000000000002,0.0,1.0,0.0,0.08976402904500266,0.08976402904500266,0.0,0.9999999999999999,1.6557009977252408,0.7581009456557398,11,2.0878846033588907,1.0,1,7.0710678118654755,0.7381085995605379,6.0,1.8333333333333335,0.7579431886691579,5,14.0,14.0,12.727922061357855,2,0.56,1.0,0.30799999999999994,6,5.25,5
smoothed,gaus6,20.19577233799441,0.6252146591530663,221.2981651790148,-31.540514698046746,619,127,19005.9153201137,,False,14.699443897810443,104458.26086059294,0.01499027715999903,2.1369625044014178e-06,0.25055387918632244,18,19070.149350377607,652.3551202906128,75252.82642625022,"[24, 55, 82, 122, 168, 194, 238, 260, 293, 353, 386, 421, 443, 464, 493, 525, 551, 598]","[75252.82642625022, 748.5881182773228, 15964.56373251239, 2388.3870088869844, 15523.169441871643, 8503.569589941024, 63296.78763693935, 1264.8193481102135, 8061.535751925839, 22913.831703054086, 29454.467585906008, 3785.2188209694564, 9283.517375816347, 4134.849513099589, 696.0044439439662, 652.3551202906128, 6885.151294674328, 74453.04539432758]","[0, 53, 64, 118, 139, 181, 139, 257, 285, 314, 314, 413, 438, 460, 490, 490, 490, 139]","[139, 64, 139, 139, 211, 211, 490, 314, 314, 376, 490, 438, 490, 490, 496, 527, 557, 618]",0.05,30,484139937323.3975,86908.62990368811,-86908.62990368811,,,,,,,,,,,,,,,,CWT,txu.059172014718840,,,,,0.0,-8.5,,86170.96323702144,0.0,14.0,18631.99783522609,333623.35497346363,18631.99783522609,,0.0,607.6884536239461,,,18631.99783522609,,74515.15975958355,86170.96323702144,0.0,0.5,,,,4.0,,,0.0,0.12455411680353841,0.043431475707910616,0.6829414991598568,0.4447082515090956,0.7845327070130871,0.24199988081759133,0.6374629235341587,0.07421453327555255,,0.5688431473560747,0.936023370909801,0.936023370909801,0.9357203238303159,0.8494452853761962,0.5251458920102,0.6666666666666666,,0.7435897435897436,0.3055555555555556,0.18525224959076697,0.18525224959076697,0.6666666666666666,2.279294082345832,1.0,1,1.4562519915613614,0.6684634053437389,6,0,0,0.500278968136837,0.8164381182228045,4,1,0.11111111111111112,0.3736751179220433,0.6698637295748765,8,2.9860788111948193,0.7867086563432272,4.75,2.5945945945945943,0.7237114710287564,4,gaus,0.7840909090909091,1.0,0.15113636363636365,1,3.25,0.0,0.0,0.0,0.12454995989678377,0.04726007862496801,0.6093854375870595,0.44470825150909565,0.7947895405734304,0.24199988081759133,0.6542860295783741,0.07421453327555258,,0.5688431473560747,0.9368377341095636,0.9368377341095636,0.9366377042081754,0.6641784999791648,0.514034716701745,0.6666666666666666,,0.7435897435897436,0.0,0.3055555555555556,0.0,0.19060805198200864,0.19060805198200864,0.0,0.6666666666666666,2.1840112549828015,1.0,1,1.4251233476186316,0.6825680621074365,11,7.0710678118654755,0.7381085995605379,6.0,1.8333333333333335,0.7579431886691579,6,15.625,15.5,7.428548534763257,16,0.625,0.583641893700499,0.3874074318898503,5,5.75,6
raw,mexh,21.78889278555638,0.5751211631663974,447.5985707541769,-37.850237153256614,619,127,60959.44290717912,,False,14.914383011092564,192298.30225650757,0.012695433044598988,2.8366106249962455e-08,0.07145373036963318,25,13457.40185668501,127.82448981792527,123336.77366502887,"[18, 39, 65, 86, 107, 130, 169, 191, 211, 234, 255, 292, 313, 335, 357, 390, 415, 435, 460, 481, 505, 527, 548, 570, 592]","[777.2991282799048, 4910.9609507064015, 2256.3546249121136, 123336.77366502887, 1727.8392213304178, 1604.606987432213, 6859.87036556362, 3819.7931870929315, 1777.3918556670833, 18928.49539304274, 6505.373979313008, 7524.045272534719, 127.82448981792527, 8688.456108121532, 11533.931012163222, 7713.95174324244, 1882.2790775573012, 3473.6444465436143, 763.9136865733162, 6400.749972054633, 4178.6652324109455, 3039.5214240697533, 96776.25352565023, 10090.445500212736, 1736.605567803621]","[0, 0, 0, 0, 106, 129, 155, 190, 210, 214, 254, 286, 312, 315, 315, 315, 315, 315, 315, 315, 315, 315, 0, 558, 591]","[19, 40, 66, 315, 315, 315, 315, 315, 214, 315, 315, 315, 315, 336, 375, 396, 416, 437, 461, 488, 507, 528, 618, 618, 618]",0.05,30,3209921294368.414,126438.35454661935,-126438.35454661935,0.4975767366720517,37871006.91450108,0.045388458153526254,0.10913669536122265,99808859.9204227,5431512637765.987,49.0,4331649.583353109,0.006462035541195477,"[0.0, 0.0016155088852988692, 0.0032310177705977385, 0.004846526655896608, 0.006462035541195477, 0.008077544426494346, 0.009693053311793216, 0.011308562197092085, 0.012924071082390954, 0.014539579967689823, 0.01615508885298869, 0.017770597738287562, 0.019386106623586433, 0.0210016155088853, 0.02261712439418417, 0.024232633279483037, 0.025848142164781908, 0.02746365105008078, 0.029079159935379646, 0.030694668820678516, 0.03231017770597738, 0.033925686591276254, 0.035541195476575124, 0.037156704361873995, 0.038772213247172865, 0.04038772213247173, 0.0420032310177706, 0.04361873990306947, 0.04523424878836834, 0.04684975767366721, 0.048465266558966075, 0.050080775444264945, 0.051696284329563816, 0.053311793214862686, 0.05492730210016156, 0.05654281098546042, 0.05815831987075929, 0.05977382875605816, 0.06138933764135703, 0.0630048465266559, 0.06462035541195477, 0.06623586429725364, 0.06785137318255251, 0.06946688206785137, 0.07108239095315025, 0.07269789983844911, 0.07431340872374799, 0.07592891760904685, 0.07754442649434573, 0.0791599353796446, 0.08077544426494346, 0.08239095315024234, 0.0840064620355412, 0.08562197092084008, 0.08723747980613894, 0.0888529886914378, 0.09046849757673668, 0.09208400646203554, 0.09369951534733442, 0.09531502423263329, 0.09693053311793215, 0.09854604200323103, 0.10016155088852989, 0.10177705977382877, 0.10339256865912763, 0.1050080775444265, 0.10662358642972537, 0.10823909531502424, 0.10985460420032311, 0.11147011308562198, 0.11308562197092084, 0.11470113085621972, 0.11631663974151858, 0.11793214862681746, 0.11954765751211632, 0.12116316639741519, 0.12277867528271406, 0.12439418416801293, 0.1260096930533118, 0.12762520193861068, 0.12924071082390953, 0.1308562197092084, 0.1324717285945073, 0.13408723747980614, 0.13570274636510501, 0.1373182552504039, 0.13893376413570274, 0.14054927302100162, 0.1421647819063005, 0.14378029079159937, 0.14539579967689822, 0.1470113085621971, 0.14862681744749598, 0.15024232633279483, 0.1518578352180937, 0.15347334410339258, 0.15508885298869146, 0.1567043618739903, 0.1583198707592892, 0.15993537964458807, 0.16155088852988692, 0.1631663974151858, 0.16478190630048467, 0.16639741518578352, 0.1680129240710824, 0.16962843295638128, 0.17124394184168015, 0.172859450726979, 0.17447495961227788, 0.17609046849757676, 0.1777059773828756, 0.17932148626817448, 0.18093699515347336, 0.1825525040387722, 0.1841680129240711, 0.18578352180936997, 0.18739903069466884, 0.1890145395799677, 0.19063004846526657, 0.19224555735056545, 0.1938610662358643, 0.19547657512116318, 0.19709208400646205, 0.1987075928917609, 0.20032310177705978, 0.20193861066235866, 0.20355411954765754, 0.20516962843295639, 0.20678513731825526, 0.20840064620355414, 0.210016155088853, 0.21163166397415187, 0.21324717285945075, 0.21486268174474962, 0.21647819063004847, 0.21809369951534735, 0.21970920840064623, 0.22132471728594508, 0.22294022617124395, 0.22455573505654283, 0.22617124394184168, 0.22778675282714056, 0.22940226171243944, 0.23101777059773831, 0.23263327948303716, 0.23424878836833604, 0.23586429725363492, 0.23747980613893377, 0.23909531502423265, 0.24071082390953152, 0.24232633279483037, 0.24394184168012925, 0.24555735056542813, 0.247172859450727]","[37871006.91450108, 13899328.365900842, 4684815.962474015, 3783677.590069959, 4331649.583353109, 2970198.0441145743, 2153016.9337322894, 1119390.0974300897, 715454.1693423935, 1661692.1550100856, 1619132.7525014575, 960908.458547817, 1413986.0464655566, 741851.8073642179, 736150.4012930524, 558004.0046104704, 41120.76016977427, 416945.41929396876, 633488.9114866944, 261457.02276338023, 712087.6957498314, 216958.13566657138, 302582.5343814414, 293435.94692009146, 209782.9174613354, 233508.4902870041, 202533.40721971777, 206122.9092757942, 346223.8564042073, 206743.04602196722, 263965.32871322805, 209966.6911823653, 112712.06880596413, 207418.29935369245, 20401.639372263046, 119201.00085070547, 103302.04221696948, 49397.123510879115, 269830.7545046099, 144167.28417959285, 246001.82658100262, 241211.0459792586, 75509.66844842467, 78850.32747645758, 95777.53147222415, 56900.023525057004, 123535.9455215078, 101222.01449526066, 169924.57141048554, 86730.34967447785, 133514.7319013066, 117556.02334859148, 74097.9927095178, 76244.20948437111, 120993.09901517343, 67366.71510127654, 25037.824614564724, 13012.270455247388, 129494.17407171415, 77527.06509666225, 83771.72487450612, 110367.10613458535, 49509.397498114304, 40284.9702154181, 51185.429702232155, 113536.49261472313, 96138.35043529028, 593.3903228314919, 117568.29524012018, 131895.17965491596, 78235.8495471874, 53665.32713642569, 95406.98217793294, 47745.349722306906, 58022.14264512822, 110782.04649277907, 125613.3157879792, 29392.472481926085, 75789.75147554399, 39251.68003526461, 60325.51881998161, 85477.57139613343, 72972.86989300906, 38368.08605129966, 20072.280587596353, 60122.81185648679, 78186.10226904116, 28821.281051589594, 57217.916967739744, 36031.375409377164, 29628.138867802416, 36480.82672208379, 42979.07478299504, 33731.34416998216, 53732.640141326665, 61655.263042936844, 62586.118970326286, 50086.01899560608, 52297.12306148759, 41192.46677809314, 19593.05422672561, 37559.62902155668, 35977.43041924771, 45964.84290452061, 77631.0265432576, 32841.42196106956, 29654.778796183116, 34220.15021726668, 61658.533975984894, 29531.577439458502, 32219.13298113011, 34645.69433212213, 32163.646294603594, 52836.304332454274, 23207.786388225926, 36008.58403347233, 61655.400966171874, 62332.5081319614, 41538.79502308466, 46087.24071642891, 119462.98490909612, 32307.559883358306, 32908.00898809807, 53010.57907400921, 37550.97933067268, 28047.977974373378, 44898.1850059805, 19858.19761048433, 50745.4238709802, 11091.936259608738, 16086.132568411598, 43203.12950769644, 33448.322067731904, 57845.65055691024, 98609.02699846924, 42813.746833564655, 69028.05001565626, 48643.906531823704, 74993.99038632572, 34645.46969989469, 40162.404214803755, 49497.33239469557, 41494.11844619402, 31298.949158789284, 24363.397160303095, 75241.58536137796, 27601.671389504063, 15202.325530039661, 62589.85466246529, 83640.19913341492, 78474.45447626906, 81141.2893685133, 53532.916476749924, 39667.36071469275]",3.0,0.7,14210.088503522846,15.0,CWT,txu.059172014718840,0.0,0.19999999999999996,37686677.91450108,98188608.59860115,0.0,-14.0,0.0,125518.35454661935,0.0,-5.0,12788.083674866828,321710.04641712527,12801.057715681394,,0.0,162.17551018207473,4319576.265344068,14202.088503522846,12788.083674866828,6.0,122417.77366502887,125518.35454661935,0.0,-5.0,0.025848142164781908,0.0,0.1829198969532152,3.0,5431401916917.108,0.053618875149550674,0.0,1.0,0.0009347747852840073,0.1381326434170973,0.5927059304453585,0.9603013152539253,0.0,0.22972867022190147,0.16897713994444857,,0.6121449375056226,0.5568389536918648,0.5568389536918648,0.5569538143596792,0.6232328378042581,1.0,1.0,,1.0,0.0,0.3617501722915333,0.3617501722915333,0.5769230769230769,2.256534100978067,0.9263880120198901,2,1.3191459654020252,0.5778408267631189,10,0,0,0.6005360765466193,0.9086373293372343,2,1,0.11111111111111112,0.3807920037029463,0.652328842423909,7,3.947573094109004,0.6963405312223843,5.25,3.218390804597701,0.6462471886881151,6,mexh,0.6666666666666666,,,4,5.5,,,,1.0,0.00025925105916462833,0.23826029689355138,0.5852147649733119,0.959478451748945,0.007329718133603391,0.15348190151371513,0.19746033528197765,,0.1490920973689259,0.5491158736849189,0.5491158736849189,0.5495041971476881,0.6338618682041935,1.0000000000000002,0.5,,0.46153846153846156,0.0,0.0,0.0,0.3606861835965428,0.3606861835965428,0.0,0.21428571428571425,1.7892648091176386,0.8192562217962236,8,1.3586893437867271,0.6507492519466505,13,3.5355339059327378,0.8690542997802689,10.5,9.904761904761905,0.74008270544569,7,8.5,8.5,2.1213203435596424,2,0.34,0.16666666666666666,0.712,2,5.75,7
raw,gaus4,20.49748458714984,0.6410008522763411,245.87082987065764,-31.396478049985973,619,127,23282.909836135837,,False,14.574229694298788,132689.4570229939,0.016349321684515417,4.252844348968298e-07,0.12337191198043766,20,16898.49077045418,492.5010600184678,82305.38884670302,"[30, 55, 81, 121, 144, 168, 194, 239, 259, 292, 329, 353, 386, 420, 444, 464, 503, 526, 552, 597]","[82305.38884670302, 1774.8337804724652, 14040.130300927616, 1691.8798390626816, 962.3962825979397, 18109.283340221773, 8363.037429381337, 48013.539197675316, 2240.5986880467444, 8238.940055054954, 492.5010600184678, 25330.8718099872, 22083.371433386816, 5442.356148709762, 5825.445202304998, 9966.01635778191, 525.5700219899065, 1550.658228972965, 6538.108510417129, 74474.8888753706]","[0, 52, 65, 118, 140, 140, 181, 140, 258, 277, 313, 313, 375, 412, 438, 438, 488, 488, 140, 140]","[140, 65, 140, 140, 145, 210, 210, 488, 313, 313, 330, 488, 488, 438, 460, 488, 504, 527, 556, 618]",0.05,30,726721685358.9666,97637.59699736052,-97637.59699736052,,,,,,,,,,,,,,,,CWT,txu.059172014718840,,,,,0.0,-7.5,,96717.59699736052,0.0,-3.0,16229.172588635998,323244.8154090836,16229.380406418,,0.0,202.5010600184678,,,16229.172588635998,,81386.38884670302,96717.59699736052,0.0,-12.0,,,,2.0,,,0.0,0.21073920245220867,0.032835433307981964,0.5676262557810942,0.3656366884389597,0.8266874327801336,0.3866368047779022,0.44702353060498456,0.08141732433834002,,0.7736864579591815,0.7883533301198572,0.7883533301198572,0.787656176993322,0.6272518530876153,0.5819716598357821,0.5,,0.06666666666666667,0.9285714285714285,0.23689237092411436,0.23689237092411436,0.7307692307692306,2.0864611490666656,0.856566978182525,3,1.375841268694751,0.6026757288797092,7,0,0,0.5872554063309308,0.8885430948892643,3,1,0.11111111111111112,0.35926977850464503,0.6154594541135737,9,3.0,0.7692307692307692,5.5,4.344827586206896,0.673076923076923,5,gaus,0.8888888888888888,1.0,0.0777777777777778,1,4.0,,,,0.2137985937048073,0.009106600859625736,0.6178573825348818,0.36285525182481265,0.8259790604102794,0.3159525654013468,0.29865676509751743,0.11382490181981923,,0.18708581255566237,0.7774192605798389,0.7774192605798389,0.7771207665841006,0.6377675024928388,0.5837423697438193,0.3333333333333333,,0.10256410256410257,0.0,0.36111111111111116,0.0,0.23619561713130724,0.23619561713130724,0.0,0.26190476190476186,1.6930285201424913,0.7751922139960874,10,1.3233768369352785,0.6338361970801892,18,5.656854249492381,0.7904868796484303,14.0,12.857142857142858,0.635984180564956,11,15.625,15.5,7.428548534763257,16,0.625,0.583641893700499,0.3874074318898503,5,9.5,8
raw,gaus7,20.110647527147222,0.6492310432116826,248.31026222679503,-28.87262305641038,619,127,17855.429406045863,,False,14.85665940430476,102337.7455331554,0.015284375323815026,2.509552814021457e-07,0.01656474311626581,21,14722.812478323382,69.96743367886165,93270.24836557539,"[46, 72, 93, 114, 135, 170, 196, 243, 265, 285, 309, 349, 371, 392, 422, 448, 470, 511, 534, 554, 574]","[21072.70874137312, 987.0523846869246, 93270.24836557539, 3864.2676570269286, 69.96743367886165, 3054.0880329372594, 25174.876160045038, 33534.68951802647, 408.25390430728294, 188.68870329061065, 14532.241904558734, 1027.7725380356424, 18891.439390205396, 2743.426864120038, 11179.061946168733, 3050.195224293793, 51106.802414445614, 10852.832709242759, 2239.3380130276564, 10570.176562721306, 1360.933577023381]","[3, 67, 3, 109, 134, 159, 159, 220, 264, 284, 288, 328, 328, 381, 381, 381, 220, 501, 531, 543, 563]","[67, 73, 563, 563, 220, 173, 220, 381, 381, 288, 381, 350, 381, 397, 441, 461, 563, 563, 543, 563, 575]",0.05,30,402949904323.32965,103162.39858483133,-103162.39858483133,,,,,,,,,,,,,,,,CWT,txu.059172014718840,,,,,0.0,-11.5,,102242.39858483133,0.0,-11.5,14053.4942965052,294454.062044791,14115.88814538793,,0.0,220.03256632113835,,,14053.4942965052,,92351.24836557539,102242.39858483133,0.0,-11.5,,,,1.0,,,0.0,0.0970425009842032,0.0188244532276626,0.7355872194502143,0.5541725544879268,0.7866638356437106,0.43493840985442334,0.0,0.03683350039460927,,0.8439165278643577,0.6419750133332512,0.6419750133332512,0.6454327919703694,0.5518590881850508,0.6936818067173189,0.0,,0.13333333333333333,0.3571428571428571,0.26084363602618743,0.26084363602618743,0.07692307692307698,1.6235299402442636,0.6665171481989817,8,1.33523937709912,0.5848904107851981,8,0,0,0.42566056507127015,0.644043037804927,8,1,0.11111111111111112,0.32745225369978814,0.5609533486205142,11,1.5,0.8846153846153846,8.75,8.585365853658535,0.6057692307692307,8,gaus,0.8888888888888888,1.0,0.0777777777777778,1,6.25,,,,0.10054261182530957,0.005220786348001218,0.7663054396768184,0.5474806243114027,0.7859897587151918,0.35450807460818795,0.0,0.07123930002151732,,0.20360355527611024,0.6330711384201171,0.6330711384201171,0.636799711251147,0.5645016532838139,0.6949793279802186,0.16666666666666666,,0.12820512820512822,0.0,0.1388888888888889,0.0,0.26007643617073467,0.26007643617073467,0.0,0.05952380952380948,1.4710155583913875,0.6735384513405227,20,1.3285464246232637,0.6363121900922879,16,2.8284271247461903,0.8952434398242152,18.0,17.77777777777778,0.6142883865787743,12,15.625,15.5,7.428548534763257,16,0.625,0.583641893700499,0.3874074318898503,5,10.25,9
raw,gaus5,20.291922700656706,0.6439265770292445,237.3536547051822,-30.19388021128091,619,127,19141.54917651636,,False,14.710864219425563,121438.82300877392,0.015973834800600276,2.2266871850521815e-07,0.027862668301026232,23,11474.301422494846,72.9401625044411,95039.36510147733,"[2, 48, 72, 93, 114, 144, 170, 196, 224, 245, 265, 285, 308, 349, 371, 404, 428, 448, 470, 494, 526, 554, 574]","[196.2131622894085, 9904.870984443427, 208.72830065265225, 95039.36510147733, 3998.9095682039842, 287.3746827835043, 3044.9397246930616, 15994.022585136612, 337.0809710560461, 44472.42382059785, 593.0054301132841, 638.7892171254143, 13444.389581916665, 830.5137692135422, 17602.36331445816, 13730.400068500234, 1077.2300495763939, 857.3808110415785, 21822.913328008024, 72.9401625044411, 2572.924926833155, 16218.60331081424, 963.5498459423943]","[1, 3, 67, 3, 109, 143, 159, 159, 220, 220, 264, 284, 288, 325, 325, 381, 426, 447, 381, 493, 523, 531, 531]","[3, 67, 73, 531, 531, 159, 173, 220, 225, 531, 531, 288, 531, 350, 381, 441, 441, 463, 531, 531, 531, 563, 575]",0.05,30,546342532355.3219,119705.19728982869,-119705.19728982869,,,,,,,,,,,,,,,,CWT,txu.059172014718840,,,,,0.0,-12.0,,118785.19728982869,0.0,-12.0,10804.983240676664,249183.93271738145,10923.04050369556,,0.0,217.0598374955589,,,10804.983240676664,,94120.36510147733,118785.19728982869,0.0,-12.0,,,,1.0,,,0.0,0.12398457428668765,0.016551038475484395,0.6476583861568339,0.45684702366332786,0.8054192375054908,0.40380739081746897,0.04728557510053738,0.06489119577675091,,0.8320079702295938,0.42341715846346784,0.42341715846346784,0.4305762685579191,0.4333126863488604,0.7117055935317363,0.0,,0.06666666666666667,0.2857142857142857,0.3325604119213031,0.3325604119213031,0.03846153846153855,1.381289274353557,0.5670686848198557,10,1.2682825107850644,0.5555605170485409,11,0,0,0.35920001252334516,0.5434853172418469,11,1,0.11111111111111112,0.31524999716726715,0.5400498532702587,12,0.816496580927726,0.9371925706978672,11.0,10.95435684647303,0.5455193622720105,11,gaus,0.8888888888888888,1.0,0.0777777777777778,1,8.5,,,,0.12738025026463523,0.004590275992243581,0.6885917603550359,0.45217375905808377,0.8047290894381866,0.3296585423991418,0.03159152914431557,0.0980394651314003,,0.20080272521217551,0.41754457255789085,0.41754457255789085,0.424817032695585,0.44929958034713924,0.7129267685405039,0.16666666666666666,,0.10256410256410257,0.0,0.11111111111111113,0.0,0.33158227688284764,0.33158227688284764,0.0,0.04761904761904759,1.2495167536620209,0.5721201073535037,22,1.2649134530081632,0.6058349446004965,21,0.7071067811865476,0.9738108599560538,21.5,21.488372093023255,0.5887572818298787,14,15.625,15.5,7.428548534763257,16,0.625,0.583641893700499,0.3874074318898503,5,11.75,10
smoothed,shan,12.967850546565801,0.7448131988347984,302.5748349755926,-26.73059472000764,619,127,13037.202156445857,-640819.2959435954,True,15.548898582086771,67072.94551147197,0.013961652307778934,1.0631654260529645e-06,0.2836730680565031,21,14055.394346767041,1109.973888635348,38323.42114085053,"[22, 61, 87, 110, 136, 167, 187, 237, 259, 291, 332, 355, 388, 418, 444, 466, 504, 524, 545, 570, 601]","[36425.37794918391, 1154.6866553447471, 25083.843088339196, 2007.1394369155105, 1784.793263649396, 38323.42114085053, 2928.6830502068287, 36832.171949568714, 3734.601677172287, 13129.807261056623, 2248.5668036378465, 21403.754739894728, 13359.57146582456, 4970.4506624418955, 4834.931022842293, 28918.62658066763, 15700.344625022306, 1916.706726973357, 1987.5772485229581, 1109.973888635348, 37308.2520453572]","[0, 52, 52, 107, 134, 52, 182, 211, 257, 271, 312, 312, 376, 412, 412, 376, 490, 518, 542, 559, 559]","[559, 63, 117, 117, 139, 559, 211, 559, 271, 312, 334, 376, 412, 431, 447, 559, 559, 559, 559, 571, 618]",0.05,30,163534559108.22934,44332.452361471405,-44332.452361471405,,,,,,,,,,,,,,,,CWT,txu.059172014718840,,,,,0.0,2.0,,43594.78569480474,0.0,2.0,13617.242831615526,285523.94794877456,13617.242831615526,,0.0,1065.3072219686812,,,13617.242831615526,,37585.754474183865,43594.78569480474,0.0,-2.5,,,,1.0,,,0.0,0.0,0.019400246506283792,1.0,1.0,0.0,0.8022763840057208,0.7345781089161392,0.021760286894928434,1.0,0.9999999999999999,0.599023424183832,0.599023424183832,0.597955299384904,0.6929004016946833,0.14240411594665286,0.16666666666666669,,0.5897435897435898,0.8888888888888888,0.0,0.0,0.38095238095238093,1.547173293866829,0.6787949417542865,12,2.1292659858786003,0.9773970439531777,2,0,0,0.3771705461096954,0.6155293956523874,9,0,0.0,0.508668336258119,0.9118575267663297,2,5.057996968497839,0.6387145022501544,6.25,3.3488372093023258,0.5961429654107915,8,shan,0.7272727272727273,,,7,7.75,0.0,0.0,0.0,0.0,0.023325032845527185,0.8922952234367296,1.0000000000000002,0.047602740156792334,0.8022763840057209,0.7468946991630977,0.021760286894928454,0.8194624621289391,0.9999999999999999,0.6041274844001199,0.6041274844001199,0.6036931615109206,0.5417765656662878,0.13939109209746686,0.16666666666666666,,0.5897435897435899,0.0,0.8888888888888888,0.0,0.0065735712538654845,0.0065735712538654845,0.0,0.38095238095238093,1.477518087197162,0.6765157843514855,19,2.0223335468711667,0.968604080712953,2,12.020815280171307,0.5547846192529146,10.5,3.6190476190476195,0.5829478651820128,15,17.0,17.0,2.8284271247461903,2,0.68,0.22222222222222224,0.45733333333333326,4,12.25,11
raw,gaus2,21.154001147727254,0.606515461819292,248.35659440867298,-35.044018547879766,619,127,37971.119364111895,,False,14.576530738244617,157549.44660267685,0.013693222428361665,4.408120192779589e-07,0.08967417483283203,21,14942.666323873003,165.59566744627955,108364.34636963982,"[35, 61, 82, 103, 135, 167, 187, 214, 235, 259, 292, 331, 353, 386, 420, 444, 469, 497, 526, 552, 581]","[10969.318134467598, 896.5120753646479, 108364.34636963982, 165.59566744627955, 437.9125092876275, 13040.983501068371, 3757.2868563575958, 1107.6767145291356, 29530.40684808452, 1514.8589760750037, 6182.836347932262, 1221.6049357499032, 17276.499690387347, 6113.32327707396, 3540.723125495145, 2836.539711458212, 7894.436603688835, 1135.2605213630668, 1113.6407313995442, 7644.131418143443, 89052.09878632078]","[0, 52, 0, 102, 134, 140, 181, 210, 210, 258, 286, 313, 313, 313, 313, 313, 313, 313, 313, 313, 313]","[52, 64, 313, 313, 140, 210, 210, 215, 313, 313, 313, 332, 375, 412, 424, 449, 488, 498, 527, 557, 618]",0.05,30,1684333512981.5173,117585.53665188079,-117585.53665188079,,,,,,,,,,,,,,,,CWT,txu.059172014718840,,,,,0.0,-11.5,,116665.53665188079,0.0,-2.5,14273.348142054821,299070.9928013331,14289.975068945967,,0.0,124.40433255372045,,,14273.348142054821,,107445.34636963982,116665.53665188079,0.0,-11.5,,,,1.0,,,0.0,0.5184327990137577,0.03408339827022858,0.32488472799607715,0.3671727496172772,0.8946130713778481,0.18424785367674493,0.30598729124657503,0.11793432269721782,,0.46083606538457333,0.656766646805449,0.656766646805449,0.6571476356975894,0.5639491912363694,0.8474606948258422,0.0,,0.13333333333333333,0.3571428571428571,0.3233712033927918,0.3233712033927918,0.7692307692307692,1.7674022956899136,0.7255818994421139,5,1.23484639352862,0.5409141063055689,12,0,0,0.4791146872706512,0.7249214608242663,7,1,0.11111111111111112,0.33786397118141026,0.5787894994492737,10,3.1091263510296048,0.7608364345361842,8.5,7.601809954751131,0.5534951403450152,10,gaus,0.8888888888888888,1.0,0.0777777777777778,1,7.75,,,,0.5202994855219604,0.009452712290267803,0.4033164118225531,0.3643594529784298,0.8938464948504377,0.15440081044037887,0.20443034495516782,0.1487052286608525,,0.11350504720094029,0.6476576192750603,0.6476576192750603,0.6483578613725131,0.5762506807697304,0.84810683010684,0.16666666666666666,,0.12820512820512822,0.0,0.1388888888888889,0.0,0.3224200958853208,0.3224200958853208,0.0,0.2738095238095238,1.6064382110674589,0.7355448408987751,15,1.2330330339741937,0.5905657008009677,23,5.656854249492381,0.7904868796484303,19.0,18.157894736842106,0.5433915879723633,18,15.625,15.5,7.428548534763257,16,0.625,0.583641893700499,0.3874074318898503,5,14.75,12
raw,gaus3,20.679947298690514,0.6214366580590996,259.58461276627276,-32.48431406067278,619,127,25567.57815939957,,False,14.546205051519774,176891.03727185554,0.019441879710001008,2.3091614250017329e-07,0.04622163664981435,23,9653.183087760777,31.004374419724627,96850.66098571013,"[2, 63, 93, 114, 136, 159, 179, 203, 224, 245, 265, 285, 308, 336, 360, 391, 422, 446, 470, 492, 512, 542, 574]","[787.6066044183826, 2896.759354777152, 1426.421634114049, 96850.66098571013, 31.004374419724627, 191.48581756874773, 12217.69974460546, 984.3796922374477, 153.016969270373, 36322.774400529444, 638.8263963635509, 728.634329890061, 9584.795665925061, 1670.243644369375, 12154.385047492397, 13899.526749682303, 3445.088670119345, 7529.469895193595, 10781.53930895489, 217.8139510367182, 8526.717311579145, 814.8032615504271, 169.55720869009906]","[1, 3, 3, 3, 135, 158, 160, 202, 220, 220, 264, 284, 288, 333, 346, 381, 415, 441, 441, 491, 500, 500, 500]","[3, 67, 94, 500, 500, 160, 220, 220, 225, 500, 500, 288, 500, 346, 500, 500, 500, 463, 500, 500, 522, 543, 575]",0.05,30,925996885658.6921,151918.46088984693,-151918.46088984693,,,,,,,,,,,,,,,,CWT,txu.059172014718840,,,,,0.0,-12.0,,150998.46088984693,0.0,-12.0,8983.864905942595,207298.21101849788,9131.373510441867,,0.0,258.9956255802754,,,8983.864905942595,,95931.66098571013,150998.46088984693,0.0,-12.0,,,,1.0,,,0.0,0.2585992096230165,0.01721389084980507,0.49523145293623144,0.34692884677123054,0.845565701731598,0.2718178424785368,0.12412396466572892,0.1463453094540953,,1.0,0.300893420706942,0.300893420706942,0.31000949416611523,0.3236288469278781,0.7301591021175333,0.0,,0.06666666666666667,0.2857142857142857,0.47221219924281016,0.47221219924281016,0.03846153846153855,1.3322481578242322,0.5469355512549141,12,1.1930449227943438,0.5226033226299754,13,0,0,0.3584042644961268,0.5422813156996998,12,1,0.11111111111111112,0.3076727217582248,0.5270693409479368,13,0.5773502691896257,0.9555884408315672,12.5,12.48,0.49702498964655284,12,gaus,0.8888888888888888,1.0,0.0777777777777778,1,9.25,,,,0.2614730823654565,0.004774111909533767,0.5538730638293489,0.34453543656256663,0.8448411529405407,0.22430129312913416,0.08292731639422962,0.17584285082292248,,0.24031356623198308,0.2967201782527705,0.2967201782527705,0.305862916830478,0.3427100468544999,0.7313021106305123,0.16666666666666666,,0.10256410256410257,0.0,0.11111111111111113,0.0,0.470823316859014,0.470823316859014,0.0,0.04761904761904759,1.1647784549145097,0.5333207199629024,23,1.2001148754701747,0.5747994278704323,25,1.4142135623730951,0.9476217199121075,24.0,23.958333333333332,0.5293664155116093,20,15.625,15.5,7.428548534763257,16,0.625,0.583641893700499,0.3874074318898503,5,16.25,13
smoothed,gaus1,22.180878539939233,0.5964153511505731,188.7340528847799,-41.90104422788633,619,127,56733.06474973901,,False,14.019153746899036,764286.2825612603,0.023104909564243166,3.408135917014593e-06,0.10781452797730627,16,5141.577763441383,37.273958688252605,24583.349789899155,"[3, 115, 137, 179, 206, 262, 284, 309, 336, 360, 403, 423, 457, 483, 513, 557]","[37.273958688252605, 3198.668379775503, 4554.3104981416545, 2692.8039654782224, 14070.210024865228, 24583.349789899155, 140.87887209904784, 7380.127289277645, 937.0548466355212, 9068.665131782656, 2414.030119791345, 4218.1363842263845, 638.1178270612963, 7712.108017206105, 155.69628421890957, 463.81282591519994]","[2, 2, 2, 2, 2, 2, 282, 287, 332, 346, 382, 382, 382, 2, 2, 2]","[4, 119, 145, 184, 221, 382, 287, 382, 346, 382, 415, 440, 458, 500, 514, 560]",0.05,30,5217856899878.447,274160.57934114354,-274160.57934114354,,,,,,,,,,,,,,,,CWT,txu.059172014718840,,,,,0.0,-14.0,,273422.91267447686,0.0,-14.0,4703.4262482898675,72625.91088172879,4739.475411944395,,0.0,7.39270797841408,,,4703.4262482898675,,23845.683123232488,273422.91267447686,0.0,-14.0,,,,6.0,,,0.0,0.911838016677605,0.07187992304444585,0.0,0.0,1.0,0.10708539419581686,0.21890923828831554,1.0,,0.0032596480510605694,0.0,0.0,0.0,0.0,0.0,1.0,,0.0,0.0,1.0,1.0,0.0,0.8009778944153181,0.3514148966643908,14,1.3255132349102683,0.6084503890609635,8,0,0,0.20021730987007072,0.326747782971443,14,1,0.11111111111111112,0.4081585159702173,0.7316799343931589,6,4.123105625617661,0.7054924553130242,10.5,9.205479452054794,0.4777462276565121,14,gaus,0.7840909090909091,1.0,0.15113636363636365,1,10.75,0.0,0.0,0.0,0.9118075847199312,0.07559466291281154,0.0,0.0,0.9999999999999998,0.10708539419581689,0.2551548351318999,0.9999999999999999,,0.0032596480510605624,0.012729073277906067,0.012729073277906067,0.014271701920801627,0.0,0.0,0.9999999999999999,,0.0,0.0,0.0,0.0,1.0,1.0,0.0,0.0,0.8128968489583022,0.37220359881556725,26,1.3411167660209096,0.6423328012780898,15,7.7781745930520225,0.7119194595165917,20.5,19.024390243902438,0.4763301001286662,24,15.625,15.5,7.428548534763257,16,0.625,0.583641893700499,0.3874074318898503,5,19.25,14
smoothed,cmor,19.14357034171898,0.7870199585310318,327.6724131345389,-32.99952552502091,619,127,28646.8987151309,-809291.4738880312,True,15.213187823684747,51563.90203477939,0.016030941781598213,7.329616605919657e-07,0.18465568802241794,22,8382.283796530684,129.9003547697066,43371.9494220451,"[30, 55, 87, 108, 129, 168, 195, 237, 261, 291, 336, 356, 386, 421, 443, 464, 486, 506, 526, 551, 571, 598]","[34049.786835562605, 1580.7787272570204, 12315.47691436522, 129.9003547697066, 494.97301741806587, 10363.806733147301, 3747.808377734247, 23557.345771135457, 1317.852546881546, 5075.508255734074, 625.0046651740013, 11154.41040190324, 6341.760021821829, 3498.4405981844575, 4123.609837249522, 13366.571444491612, 186.99540423853978, 3017.4836092584846, 688.8224799041927, 5057.297724707481, 344.6603806913772, 43371.9494220451]","[0, 50, 65, 107, 128, 138, 180, 138, 257, 286, 313, 313, 313, 412, 313, 313, 485, 489, 313, 0, 0, 0]","[138, 65, 138, 138, 138, 210, 210, 313, 313, 313, 337, 374, 429, 429, 448, 489, 489, 513, 527, 557, 572, 618]",0.05,30,683062936936.4524,80783.87405175006,-80783.87405175006,,,,,,,,,,,,,,,,CWT,txu.059172014718840,,,,,0.045454545454545456,-3.5,,80046.20738508338,0.18181818181818182,14.5,7944.132281379169,174770.91019034173,7949.072093115061,,0.0,85.23368810303992,,,7944.132281379169,,42634.28275537844,80046.20738508338,0.09090909090909091,-2.0,,,,0.0,,,0.0,0.325740560004308,0.0120103936830314,0.5867669707639492,0.7805446041196635,0.6703246532622208,1.0,0.44423007968930683,0.0,0.05520317612904452,0.0765994547173143,0.21778088056531347,0.21778088056531347,0.21617995309740773,0.3324422903427343,0.19472780396486744,0.0,,0.6153846153846154,0.5833333333333333,0.15860296200169924,0.15860296200169924,0.6785714285714285,1.0844479965574993,0.47578239462693367,13,1.7785933995828538,0.816427793744895,3,0,0,0.3744448820808263,0.6110812054377854,10,0,0.0,0.4305356041835026,0.7717939239221713,4,4.795831523312719,0.6574406054776629,7.5,5.261382799325464,0.5608631598816887,11,cmor,1.0,,,3,9.0,1.0,0.5,0.6666666666666667,0.3257296886403669,0.015964757424580252,0.523569365283111,0.7805446041196636,0.6860181031290796,1.0000000000000002,0.470019928266223,0.0,0.045236930628044236,0.07659945471731429,0.22773780505597674,0.22773780505597674,0.22736639916635032,0.2599355432665549,0.19060770172241848,0.0,,0.6153846153846154,1.0,0.5833333333333334,0.5,0.1641339453837724,0.1641339453837724,0.6666666666666667,0.6785714285714286,1.057677053766095,0.4842818695888195,25,1.7560340501714296,0.8410589585968518,5,14.142135623730951,0.47621719912107585,15.0,8.333333333333332,0.46033082178276014,25,25.0,25.0,,1,1.0,,,7,20.5,15
