wavelet,error,signal_length,signal_type,decomposition_levels,wavelet_type,htid
bior1.1,Max level too low for wavelet bior1.1 and signal length 797.,797,smoothed,0,SWT,mdp.39015056038246
bior1.1,Max level too low for wavelet bior1.1 and signal length 797.,797,smoothed,0,SWT,mdp.39015056038246
bior1.3,Max level too low for wavelet bior1.3 and signal length 797.,797,smoothed,0,SWT,mdp.39015056038246
bior1.3,Max level too low for wavelet bior1.3 and signal length 797.,797,smoothed,0,SWT,mdp.39015056038246
bior1.5,Max level too low for wavelet bior1.5 and signal length 797.,797,smoothed,0,SWT,mdp.39015056038246
bior1.5,Max level too low for wavelet bior1.5 and signal length 797.,797,smoothed,0,SWT,mdp.39015056038246
bior2.2,Max level too low for wavelet bior2.2 and signal length 797.,797,smoothed,0,SWT,mdp.39015056038246
bior2.2,Max level too low for wavelet bior2.2 and signal length 797.,797,smoothed,0,SWT,mdp.39015056038246
bior2.4,Max level too low for wavelet bior2.4 and signal length 797.,797,smoothed,0,SWT,mdp.39015056038246
bior2.4,Max level too low for wavelet bior2.4 and signal length 797.,797,smoothed,0,SWT,mdp.39015056038246
bior2.6,Max level too low for wavelet bior2.6 and signal length 797.,797,smoothed,0,SWT,mdp.39015056038246
bior2.6,Max level too low for wavelet bior2.6 and signal length 797.,797,smoothed,0,SWT,mdp.39015056038246
bior2.8,Max level too low for wavelet bior2.8 and signal length 797.,797,smoothed,0,SWT,mdp.39015056038246
bior2.8,Max level too low for wavelet bior2.8 and signal length 797.,797,smoothed,0,SWT,mdp.39015056038246
bior3.1,Max level too low for wavelet bior3.1 and signal length 797.,797,smoothed,0,SWT,mdp.39015056038246
bior3.1,Max level too low for wavelet bior3.1 and signal length 797.,797,smoothed,0,SWT,mdp.39015056038246
bior3.3,Max level too low for wavelet bior3.3 and signal length 797.,797,smoothed,0,SWT,mdp.39015056038246
bior3.3,Max level too low for wavelet bior3.3 and signal length 797.,797,smoothed,0,SWT,mdp.39015056038246
bior3.5,Max level too low for wavelet bior3.5 and signal length 797.,797,smoothed,0,SWT,mdp.39015056038246
bior3.5,Max level too low for wavelet bior3.5 and signal length 797.,797,smoothed,0,SWT,mdp.39015056038246
bior3.7,Max level too low for wavelet bior3.7 and signal length 797.,797,smoothed,0,SWT,mdp.39015056038246
bior3.7,Max level too low for wavelet bior3.7 and signal length 797.,797,smoothed,0,SWT,mdp.39015056038246
bior3.9,Max level too low for wavelet bior3.9 and signal length 797.,797,smoothed,0,SWT,mdp.39015056038246
bior3.9,Max level too low for wavelet bior3.9 and signal length 797.,797,smoothed,0,SWT,mdp.39015056038246
bior4.4,Max level too low for wavelet bior4.4 and signal length 797.,797,smoothed,0,SWT,mdp.39015056038246
bior4.4,Max level too low for wavelet bior4.4 and signal length 797.,797,smoothed,0,SWT,mdp.39015056038246
bior5.5,Max level too low for wavelet bior5.5 and signal length 797.,797,smoothed,0,SWT,mdp.39015056038246
bior5.5,Max level too low for wavelet bior5.5 and signal length 797.,797,smoothed,0,SWT,mdp.39015056038246
bior6.8,Max level too low for wavelet bior6.8 and signal length 797.,797,smoothed,0,SWT,mdp.39015056038246
bior6.8,Max level too low for wavelet bior6.8 and signal length 797.,797,smoothed,0,SWT,mdp.39015056038246
coif1,Max level too low for wavelet coif1 and signal length 797.,797,smoothed,0,SWT,mdp.39015056038246
coif1,Max level too low for wavelet coif1 and signal length 797.,797,smoothed,0,SWT,mdp.39015056038246
coif2,Max level too low for wavelet coif2 and signal length 797.,797,smoothed,0,SWT,mdp.39015056038246
coif2,Max level too low for wavelet coif2 and signal length 797.,797,smoothed,0,SWT,mdp.39015056038246
coif3,Max level too low for wavelet coif3 and signal length 797.,797,smoothed,0,SWT,mdp.39015056038246
coif3,Max level too low for wavelet coif3 and signal length 797.,797,smoothed,0,SWT,mdp.39015056038246
coif4,Max level too low for wavelet coif4 and signal length 797.,797,smoothed,0,SWT,mdp.39015056038246
coif4,Max level too low for wavelet coif4 and signal length 797.,797,smoothed,0,SWT,mdp.39015056038246
coif5,Max level too low for wavelet coif5 and signal length 797.,797,smoothed,0,SWT,mdp.39015056038246
coif5,Max level too low for wavelet coif5 and signal length 797.,797,smoothed,0,SWT,mdp.39015056038246
coif6,Max level too low for wavelet coif6 and signal length 797.,797,smoothed,0,SWT,mdp.39015056038246
coif6,Max level too low for wavelet coif6 and signal length 797.,797,smoothed,0,SWT,mdp.39015056038246
coif7,Max level too low for wavelet coif7 and signal length 797.,797,smoothed,0,SWT,mdp.39015056038246
coif7,Max level too low for wavelet coif7 and signal length 797.,797,smoothed,0,SWT,mdp.39015056038246
coif8,Max level too low for wavelet coif8 and signal length 797.,797,smoothed,0,SWT,mdp.39015056038246
coif8,Max level too low for wavelet coif8 and signal length 797.,797,smoothed,0,SWT,mdp.39015056038246
coif9,Max level too low for wavelet coif9 and signal length 797.,797,smoothed,0,SWT,mdp.39015056038246
coif9,Max level too low for wavelet coif9 and signal length 797.,797,smoothed,0,SWT,mdp.39015056038246
coif10,Max level too low for wavelet coif10 and signal length 797.,797,smoothed,0,SWT,mdp.39015056038246
coif10,Max level too low for wavelet coif10 and signal length 797.,797,smoothed,0,SWT,mdp.39015056038246
coif11,Max level too low for wavelet coif11 and signal length 797.,797,smoothed,0,SWT,mdp.39015056038246
coif11,Max level too low for wavelet coif11 and signal length 797.,797,smoothed,0,SWT,mdp.39015056038246
coif12,Max level too low for wavelet coif12 and signal length 797.,797,smoothed,0,SWT,mdp.39015056038246
coif12,Max level too low for wavelet coif12 and signal length 797.,797,smoothed,0,SWT,mdp.39015056038246
coif13,Max level too low for wavelet coif13 and signal length 797.,797,smoothed,0,SWT,mdp.39015056038246
coif13,Max level too low for wavelet coif13 and signal length 797.,797,smoothed,0,SWT,mdp.39015056038246
coif14,Max level too low for wavelet coif14 and signal length 797.,797,smoothed,0,SWT,mdp.39015056038246
coif14,Max level too low for wavelet coif14 and signal length 797.,797,smoothed,0,SWT,mdp.39015056038246
coif15,Max level too low for wavelet coif15 and signal length 797.,797,smoothed,0,SWT,mdp.39015056038246
coif15,Max level too low for wavelet coif15 and signal length 797.,797,smoothed,0,SWT,mdp.39015056038246
coif16,Max level too low for wavelet coif16 and signal length 797.,797,smoothed,0,SWT,mdp.39015056038246
coif16,Max level too low for wavelet coif16 and signal length 797.,797,smoothed,0,SWT,mdp.39015056038246
coif17,Max level too low for wavelet coif17 and signal length 797.,797,smoothed,0,SWT,mdp.39015056038246
coif17,Max level too low for wavelet coif17 and signal length 797.,797,smoothed,0,SWT,mdp.39015056038246
db1,Max level too low for wavelet db1 and signal length 797.,797,smoothed,0,SWT,mdp.39015056038246
db1,Max level too low for wavelet db1 and signal length 797.,797,smoothed,0,SWT,mdp.39015056038246
db2,Max level too low for wavelet db2 and signal length 797.,797,smoothed,0,SWT,mdp.39015056038246
db2,Max level too low for wavelet db2 and signal length 797.,797,smoothed,0,SWT,mdp.39015056038246
db3,Max level too low for wavelet db3 and signal length 797.,797,smoothed,0,SWT,mdp.39015056038246
db3,Max level too low for wavelet db3 and signal length 797.,797,smoothed,0,SWT,mdp.39015056038246
db4,Max level too low for wavelet db4 and signal length 797.,797,smoothed,0,SWT,mdp.39015056038246
db4,Max level too low for wavelet db4 and signal length 797.,797,smoothed,0,SWT,mdp.39015056038246
db5,Max level too low for wavelet db5 and signal length 797.,797,smoothed,0,SWT,mdp.39015056038246
db5,Max level too low for wavelet db5 and signal length 797.,797,smoothed,0,SWT,mdp.39015056038246
db6,Max level too low for wavelet db6 and signal length 797.,797,smoothed,0,SWT,mdp.39015056038246
db6,Max level too low for wavelet db6 and signal length 797.,797,smoothed,0,SWT,mdp.39015056038246
db7,Max level too low for wavelet db7 and signal length 797.,797,smoothed,0,SWT,mdp.39015056038246
db7,Max level too low for wavelet db7 and signal length 797.,797,smoothed,0,SWT,mdp.39015056038246
db8,Max level too low for wavelet db8 and signal length 797.,797,smoothed,0,SWT,mdp.39015056038246
db8,Max level too low for wavelet db8 and signal length 797.,797,smoothed,0,SWT,mdp.39015056038246
db9,Max level too low for wavelet db9 and signal length 797.,797,smoothed,0,SWT,mdp.39015056038246
db9,Max level too low for wavelet db9 and signal length 797.,797,smoothed,0,SWT,mdp.39015056038246
db10,Max level too low for wavelet db10 and signal length 797.,797,smoothed,0,SWT,mdp.39015056038246
db10,Max level too low for wavelet db10 and signal length 797.,797,smoothed,0,SWT,mdp.39015056038246
db11,Max level too low for wavelet db11 and signal length 797.,797,smoothed,0,SWT,mdp.39015056038246
db11,Max level too low for wavelet db11 and signal length 797.,797,smoothed,0,SWT,mdp.39015056038246
db12,Max level too low for wavelet db12 and signal length 797.,797,smoothed,0,SWT,mdp.39015056038246
db12,Max level too low for wavelet db12 and signal length 797.,797,smoothed,0,SWT,mdp.39015056038246
db13,Max level too low for wavelet db13 and signal length 797.,797,smoothed,0,SWT,mdp.39015056038246
db13,Max level too low for wavelet db13 and signal length 797.,797,smoothed,0,SWT,mdp.39015056038246
db14,Max level too low for wavelet db14 and signal length 797.,797,smoothed,0,SWT,mdp.39015056038246
db14,Max level too low for wavelet db14 and signal length 797.,797,smoothed,0,SWT,mdp.39015056038246
db15,Max level too low for wavelet db15 and signal length 797.,797,smoothed,0,SWT,mdp.39015056038246
db15,Max level too low for wavelet db15 and signal length 797.,797,smoothed,0,SWT,mdp.39015056038246
db16,Max level too low for wavelet db16 and signal length 797.,797,smoothed,0,SWT,mdp.39015056038246
db16,Max level too low for wavelet db16 and signal length 797.,797,smoothed,0,SWT,mdp.39015056038246
db17,Max level too low for wavelet db17 and signal length 797.,797,smoothed,0,SWT,mdp.39015056038246
db17,Max level too low for wavelet db17 and signal length 797.,797,smoothed,0,SWT,mdp.39015056038246
db18,Max level too low for wavelet db18 and signal length 797.,797,smoothed,0,SWT,mdp.39015056038246
db18,Max level too low for wavelet db18 and signal length 797.,797,smoothed,0,SWT,mdp.39015056038246
db19,Max level too low for wavelet db19 and signal length 797.,797,smoothed,0,SWT,mdp.39015056038246
db19,Max level too low for wavelet db19 and signal length 797.,797,smoothed,0,SWT,mdp.39015056038246
db20,Max level too low for wavelet db20 and signal length 797.,797,smoothed,0,SWT,mdp.39015056038246
db20,Max level too low for wavelet db20 and signal length 797.,797,smoothed,0,SWT,mdp.39015056038246
db21,Max level too low for wavelet db21 and signal length 797.,797,smoothed,0,SWT,mdp.39015056038246
db21,Max level too low for wavelet db21 and signal length 797.,797,smoothed,0,SWT,mdp.39015056038246
db22,Max level too low for wavelet db22 and signal length 797.,797,smoothed,0,SWT,mdp.39015056038246
db22,Max level too low for wavelet db22 and signal length 797.,797,smoothed,0,SWT,mdp.39015056038246
db23,Max level too low for wavelet db23 and signal length 797.,797,smoothed,0,SWT,mdp.39015056038246
db23,Max level too low for wavelet db23 and signal length 797.,797,smoothed,0,SWT,mdp.39015056038246
db24,Max level too low for wavelet db24 and signal length 797.,797,smoothed,0,SWT,mdp.39015056038246
db24,Max level too low for wavelet db24 and signal length 797.,797,smoothed,0,SWT,mdp.39015056038246
db25,Max level too low for wavelet db25 and signal length 797.,797,smoothed,0,SWT,mdp.39015056038246
db25,Max level too low for wavelet db25 and signal length 797.,797,smoothed,0,SWT,mdp.39015056038246
db26,Max level too low for wavelet db26 and signal length 797.,797,smoothed,0,SWT,mdp.39015056038246
db26,Max level too low for wavelet db26 and signal length 797.,797,smoothed,0,SWT,mdp.39015056038246
db27,Max level too low for wavelet db27 and signal length 797.,797,smoothed,0,SWT,mdp.39015056038246
db27,Max level too low for wavelet db27 and signal length 797.,797,smoothed,0,SWT,mdp.39015056038246
db28,Max level too low for wavelet db28 and signal length 797.,797,smoothed,0,SWT,mdp.39015056038246
db28,Max level too low for wavelet db28 and signal length 797.,797,smoothed,0,SWT,mdp.39015056038246
db29,Max level too low for wavelet db29 and signal length 797.,797,smoothed,0,SWT,mdp.39015056038246
db29,Max level too low for wavelet db29 and signal length 797.,797,smoothed,0,SWT,mdp.39015056038246
db30,Max level too low for wavelet db30 and signal length 797.,797,smoothed,0,SWT,mdp.39015056038246
db30,Max level too low for wavelet db30 and signal length 797.,797,smoothed,0,SWT,mdp.39015056038246
db31,Max level too low for wavelet db31 and signal length 797.,797,smoothed,0,SWT,mdp.39015056038246
db31,Max level too low for wavelet db31 and signal length 797.,797,smoothed,0,SWT,mdp.39015056038246
db32,Max level too low for wavelet db32 and signal length 797.,797,smoothed,0,SWT,mdp.39015056038246
db32,Max level too low for wavelet db32 and signal length 797.,797,smoothed,0,SWT,mdp.39015056038246
db33,Max level too low for wavelet db33 and signal length 797.,797,smoothed,0,SWT,mdp.39015056038246
db33,Max level too low for wavelet db33 and signal length 797.,797,smoothed,0,SWT,mdp.39015056038246
db34,Max level too low for wavelet db34 and signal length 797.,797,smoothed,0,SWT,mdp.39015056038246
db34,Max level too low for wavelet db34 and signal length 797.,797,smoothed,0,SWT,mdp.39015056038246
db35,Max level too low for wavelet db35 and signal length 797.,797,smoothed,0,SWT,mdp.39015056038246
db35,Max level too low for wavelet db35 and signal length 797.,797,smoothed,0,SWT,mdp.39015056038246
db36,Max level too low for wavelet db36 and signal length 797.,797,smoothed,0,SWT,mdp.39015056038246
db36,Max level too low for wavelet db36 and signal length 797.,797,smoothed,0,SWT,mdp.39015056038246
db37,Max level too low for wavelet db37 and signal length 797.,797,smoothed,0,SWT,mdp.39015056038246
db37,Max level too low for wavelet db37 and signal length 797.,797,smoothed,0,SWT,mdp.39015056038246
db38,Max level too low for wavelet db38 and signal length 797.,797,smoothed,0,SWT,mdp.39015056038246
db38,Max level too low for wavelet db38 and signal length 797.,797,smoothed,0,SWT,mdp.39015056038246
dmey,Max level too low for wavelet dmey and signal length 797.,797,smoothed,0,SWT,mdp.39015056038246
dmey,Max level too low for wavelet dmey and signal length 797.,797,smoothed,0,SWT,mdp.39015056038246
haar,Max level too low for wavelet haar and signal length 797.,797,smoothed,0,SWT,mdp.39015056038246
haar,Max level too low for wavelet haar and signal length 797.,797,smoothed,0,SWT,mdp.39015056038246
rbio1.1,Max level too low for wavelet rbio1.1 and signal length 797.,797,smoothed,0,SWT,mdp.39015056038246
rbio1.1,Max level too low for wavelet rbio1.1 and signal length 797.,797,smoothed,0,SWT,mdp.39015056038246
rbio1.3,Max level too low for wavelet rbio1.3 and signal length 797.,797,smoothed,0,SWT,mdp.39015056038246
rbio1.3,Max level too low for wavelet rbio1.3 and signal length 797.,797,smoothed,0,SWT,mdp.39015056038246
rbio1.5,Max level too low for wavelet rbio1.5 and signal length 797.,797,smoothed,0,SWT,mdp.39015056038246
rbio1.5,Max level too low for wavelet rbio1.5 and signal length 797.,797,smoothed,0,SWT,mdp.39015056038246
rbio2.2,Max level too low for wavelet rbio2.2 and signal length 797.,797,smoothed,0,SWT,mdp.39015056038246
rbio2.2,Max level too low for wavelet rbio2.2 and signal length 797.,797,smoothed,0,SWT,mdp.39015056038246
rbio2.4,Max level too low for wavelet rbio2.4 and signal length 797.,797,smoothed,0,SWT,mdp.39015056038246
rbio2.4,Max level too low for wavelet rbio2.4 and signal length 797.,797,smoothed,0,SWT,mdp.39015056038246
rbio2.6,Max level too low for wavelet rbio2.6 and signal length 797.,797,smoothed,0,SWT,mdp.39015056038246
rbio2.6,Max level too low for wavelet rbio2.6 and signal length 797.,797,smoothed,0,SWT,mdp.39015056038246
rbio2.8,Max level too low for wavelet rbio2.8 and signal length 797.,797,smoothed,0,SWT,mdp.39015056038246
rbio2.8,Max level too low for wavelet rbio2.8 and signal length 797.,797,smoothed,0,SWT,mdp.39015056038246
rbio3.1,Max level too low for wavelet rbio3.1 and signal length 797.,797,smoothed,0,SWT,mdp.39015056038246
rbio3.1,Max level too low for wavelet rbio3.1 and signal length 797.,797,smoothed,0,SWT,mdp.39015056038246
rbio3.3,Max level too low for wavelet rbio3.3 and signal length 797.,797,smoothed,0,SWT,mdp.39015056038246
rbio3.3,Max level too low for wavelet rbio3.3 and signal length 797.,797,smoothed,0,SWT,mdp.39015056038246
rbio3.5,Max level too low for wavelet rbio3.5 and signal length 797.,797,smoothed,0,SWT,mdp.39015056038246
rbio3.5,Max level too low for wavelet rbio3.5 and signal length 797.,797,smoothed,0,SWT,mdp.39015056038246
rbio3.7,Max level too low for wavelet rbio3.7 and signal length 797.,797,smoothed,0,SWT,mdp.39015056038246
rbio3.7,Max level too low for wavelet rbio3.7 and signal length 797.,797,smoothed,0,SWT,mdp.39015056038246
rbio3.9,Max level too low for wavelet rbio3.9 and signal length 797.,797,smoothed,0,SWT,mdp.39015056038246
rbio3.9,Max level too low for wavelet rbio3.9 and signal length 797.,797,smoothed,0,SWT,mdp.39015056038246
rbio4.4,Max level too low for wavelet rbio4.4 and signal length 797.,797,smoothed,0,SWT,mdp.39015056038246
rbio4.4,Max level too low for wavelet rbio4.4 and signal length 797.,797,smoothed,0,SWT,mdp.39015056038246
rbio5.5,Max level too low for wavelet rbio5.5 and signal length 797.,797,smoothed,0,SWT,mdp.39015056038246
rbio5.5,Max level too low for wavelet rbio5.5 and signal length 797.,797,smoothed,0,SWT,mdp.39015056038246
rbio6.8,Max level too low for wavelet rbio6.8 and signal length 797.,797,smoothed,0,SWT,mdp.39015056038246
rbio6.8,Max level too low for wavelet rbio6.8 and signal length 797.,797,smoothed,0,SWT,mdp.39015056038246
sym2,Max level too low for wavelet sym2 and signal length 797.,797,smoothed,0,SWT,mdp.39015056038246
sym2,Max level too low for wavelet sym2 and signal length 797.,797,smoothed,0,SWT,mdp.39015056038246
sym3,Max level too low for wavelet sym3 and signal length 797.,797,smoothed,0,SWT,mdp.39015056038246
sym3,Max level too low for wavelet sym3 and signal length 797.,797,smoothed,0,SWT,mdp.39015056038246
sym4,Max level too low for wavelet sym4 and signal length 797.,797,smoothed,0,SWT,mdp.39015056038246
sym4,Max level too low for wavelet sym4 and signal length 797.,797,smoothed,0,SWT,mdp.39015056038246
sym5,Max level too low for wavelet sym5 and signal length 797.,797,smoothed,0,SWT,mdp.39015056038246
sym5,Max level too low for wavelet sym5 and signal length 797.,797,smoothed,0,SWT,mdp.39015056038246
sym6,Max level too low for wavelet sym6 and signal length 797.,797,smoothed,0,SWT,mdp.39015056038246
sym6,Max level too low for wavelet sym6 and signal length 797.,797,smoothed,0,SWT,mdp.39015056038246
sym7,Max level too low for wavelet sym7 and signal length 797.,797,smoothed,0,SWT,mdp.39015056038246
sym7,Max level too low for wavelet sym7 and signal length 797.,797,smoothed,0,SWT,mdp.39015056038246
sym8,Max level too low for wavelet sym8 and signal length 797.,797,smoothed,0,SWT,mdp.39015056038246
sym8,Max level too low for wavelet sym8 and signal length 797.,797,smoothed,0,SWT,mdp.39015056038246
sym9,Max level too low for wavelet sym9 and signal length 797.,797,smoothed,0,SWT,mdp.39015056038246
sym9,Max level too low for wavelet sym9 and signal length 797.,797,smoothed,0,SWT,mdp.39015056038246
sym10,Max level too low for wavelet sym10 and signal length 797.,797,smoothed,0,SWT,mdp.39015056038246
sym10,Max level too low for wavelet sym10 and signal length 797.,797,smoothed,0,SWT,mdp.39015056038246
sym11,Max level too low for wavelet sym11 and signal length 797.,797,smoothed,0,SWT,mdp.39015056038246
sym11,Max level too low for wavelet sym11 and signal length 797.,797,smoothed,0,SWT,mdp.39015056038246
sym12,Max level too low for wavelet sym12 and signal length 797.,797,smoothed,0,SWT,mdp.39015056038246
sym12,Max level too low for wavelet sym12 and signal length 797.,797,smoothed,0,SWT,mdp.39015056038246
sym13,Max level too low for wavelet sym13 and signal length 797.,797,smoothed,0,SWT,mdp.39015056038246
sym13,Max level too low for wavelet sym13 and signal length 797.,797,smoothed,0,SWT,mdp.39015056038246
sym14,Max level too low for wavelet sym14 and signal length 797.,797,smoothed,0,SWT,mdp.39015056038246
sym14,Max level too low for wavelet sym14 and signal length 797.,797,smoothed,0,SWT,mdp.39015056038246
sym15,Max level too low for wavelet sym15 and signal length 797.,797,smoothed,0,SWT,mdp.39015056038246
sym15,Max level too low for wavelet sym15 and signal length 797.,797,smoothed,0,SWT,mdp.39015056038246
sym16,Max level too low for wavelet sym16 and signal length 797.,797,smoothed,0,SWT,mdp.39015056038246
sym16,Max level too low for wavelet sym16 and signal length 797.,797,smoothed,0,SWT,mdp.39015056038246
sym17,Max level too low for wavelet sym17 and signal length 797.,797,smoothed,0,SWT,mdp.39015056038246
sym17,Max level too low for wavelet sym17 and signal length 797.,797,smoothed,0,SWT,mdp.39015056038246
sym18,Max level too low for wavelet sym18 and signal length 797.,797,smoothed,0,SWT,mdp.39015056038246
sym18,Max level too low for wavelet sym18 and signal length 797.,797,smoothed,0,SWT,mdp.39015056038246
sym19,Max level too low for wavelet sym19 and signal length 797.,797,smoothed,0,SWT,mdp.39015056038246
sym19,Max level too low for wavelet sym19 and signal length 797.,797,smoothed,0,SWT,mdp.39015056038246
sym20,Max level too low for wavelet sym20 and signal length 797.,797,smoothed,0,SWT,mdp.39015056038246
sym20,Max level too low for wavelet sym20 and signal length 797.,797,smoothed,0,SWT,mdp.39015056038246
