wavelet,wavelet_level,wavelet_mode,wavelet_mse,wavelet_psnr,wavelet_energy_entropy,wavelet_sparsity,wavelet_adaptive_threshold,signal_length,signal_type,emd_value,kl_divergence,change_point_indices,change_point_prominences,num_change_points,wavelet_entropy,avg_variance_across_levels,variance_ratio_across_levels,smoothness,correlation,relative_num_peaks,avg_prominence,prominence_min,prominence_max,relative_peaks,relative_prominences,relative_left_bases,relative_right_bases,prominence_threshold,distance_factor,max_autocorrelation,upper_envelope,lower_envelope,error,wavelet_type,htid
bior1.1,2.0,zero,,,,,,27.0,smoothed,,,,,,,,,,,,,,,,,,,,,,,,"setting an array element with a sequence. The requested array has an inhomogeneous shape after 1 dimensions. The detected shape was (3,) + inhomogeneous part.",DWT,inu.32000013032851
bior1.1,2.0,constant,,,,,,27.0,smoothed,,,,,,,,,,,,,,,,,,,,,,,,"setting an array element with a sequence. The requested array has an inhomogeneous shape after 1 dimensions. The detected shape was (3,) + inhomogeneous part.",DWT,inu.32000013032851
bior1.1,2.0,symmetric,,,,,,27.0,smoothed,,,,,,,,,,,,,,,,,,,,,,,,"setting an array element with a sequence. The requested array has an inhomogeneous shape after 1 dimensions. The detected shape was (3,) + inhomogeneous part.",DWT,inu.32000013032851
bior1.1,2.0,periodic,,,,,,27.0,smoothed,,,,,,,,,,,,,,,,,,,,,,,,"setting an array element with a sequence. The requested array has an inhomogeneous shape after 1 dimensions. The detected shape was (3,) + inhomogeneous part.",DWT,inu.32000013032851
bior1.1,2.0,smooth,,,,,,27.0,smoothed,,,,,,,,,,,,,,,,,,,,,,,,"setting an array element with a sequence. The requested array has an inhomogeneous shape after 1 dimensions. The detected shape was (3,) + inhomogeneous part.",DWT,inu.32000013032851
bior1.1,2.0,periodization,,,,,,27.0,smoothed,,,,,,,,,,,,,,,,,,,,,,,,"setting an array element with a sequence. The requested array has an inhomogeneous shape after 1 dimensions. The detected shape was (3,) + inhomogeneous part.",DWT,inu.32000013032851
bior1.1,2.0,reflect,,,,,,27.0,smoothed,,,,,,,,,,,,,,,,,,,,,,,,"setting an array element with a sequence. The requested array has an inhomogeneous shape after 1 dimensions. The detected shape was (3,) + inhomogeneous part.",DWT,inu.32000013032851
bior1.1,2.0,antisymmetric,,,,,,27.0,smoothed,,,,,,,,,,,,,,,,,,,,,,,,"setting an array element with a sequence. The requested array has an inhomogeneous shape after 1 dimensions. The detected shape was (3,) + inhomogeneous part.",DWT,inu.32000013032851
bior1.1,2.0,antireflect,,,,,,27.0,smoothed,,,,,,,,,,,,,,,,,,,,,,,,"setting an array element with a sequence. The requested array has an inhomogeneous shape after 1 dimensions. The detected shape was (3,) + inhomogeneous part.",DWT,inu.32000013032851
bior1.1,3.0,zero,,,,,,27.0,smoothed,,,,,,,,,,,,,,,,,,,,,,,,"setting an array element with a sequence. The requested array has an inhomogeneous shape after 1 dimensions. The detected shape was (4,) + inhomogeneous part.",DWT,inu.32000013032851
bior1.1,3.0,constant,,,,,,27.0,smoothed,,,,,,,,,,,,,,,,,,,,,,,,"setting an array element with a sequence. The requested array has an inhomogeneous shape after 1 dimensions. The detected shape was (4,) + inhomogeneous part.",DWT,inu.32000013032851
bior1.1,3.0,symmetric,,,,,,27.0,smoothed,,,,,,,,,,,,,,,,,,,,,,,,"setting an array element with a sequence. The requested array has an inhomogeneous shape after 1 dimensions. The detected shape was (4,) + inhomogeneous part.",DWT,inu.32000013032851
bior1.1,3.0,periodic,,,,,,27.0,smoothed,,,,,,,,,,,,,,,,,,,,,,,,"setting an array element with a sequence. The requested array has an inhomogeneous shape after 1 dimensions. The detected shape was (4,) + inhomogeneous part.",DWT,inu.32000013032851
bior1.1,3.0,smooth,,,,,,27.0,smoothed,,,,,,,,,,,,,,,,,,,,,,,,"setting an array element with a sequence. The requested array has an inhomogeneous shape after 1 dimensions. The detected shape was (4,) + inhomogeneous part.",DWT,inu.32000013032851
bior1.1,3.0,periodization,,,,,,27.0,smoothed,,,,,,,,,,,,,,,,,,,,,,,,"setting an array element with a sequence. The requested array has an inhomogeneous shape after 1 dimensions. The detected shape was (4,) + inhomogeneous part.",DWT,inu.32000013032851
bior1.1,3.0,reflect,,,,,,27.0,smoothed,,,,,,,,,,,,,,,,,,,,,,,,"setting an array element with a sequence. The requested array has an inhomogeneous shape after 1 dimensions. The detected shape was (4,) + inhomogeneous part.",DWT,inu.32000013032851
bior1.1,3.0,antisymmetric,,,,,,27.0,smoothed,,,,,,,,,,,,,,,,,,,,,,,,"setting an array element with a sequence. The requested array has an inhomogeneous shape after 1 dimensions. The detected shape was (4,) + inhomogeneous part.",DWT,inu.32000013032851
bior1.1,3.0,antireflect,,,,,,27.0,smoothed,,,,,,,,,,,,,,,,,,,,,,,,"setting an array element with a sequence. The requested array has an inhomogeneous shape after 1 dimensions. The detected shape was (4,) + inhomogeneous part.",DWT,inu.32000013032851
bior1.1,4.0,zero,,,,,,27.0,smoothed,,,,,,,,,,,,,,,,,,,,,,,,"setting an array element with a sequence. The requested array has an inhomogeneous shape after 1 dimensions. The detected shape was (5,) + inhomogeneous part.",DWT,inu.32000013032851
bior1.1,4.0,constant,,,,,,27.0,smoothed,,,,,,,,,,,,,,,,,,,,,,,,"setting an array element with a sequence. The requested array has an inhomogeneous shape after 1 dimensions. The detected shape was (5,) + inhomogeneous part.",DWT,inu.32000013032851
bior1.1,4.0,symmetric,,,,,,27.0,smoothed,,,,,,,,,,,,,,,,,,,,,,,,"setting an array element with a sequence. The requested array has an inhomogeneous shape after 1 dimensions. The detected shape was (5,) + inhomogeneous part.",DWT,inu.32000013032851
bior1.1,4.0,periodic,,,,,,27.0,smoothed,,,,,,,,,,,,,,,,,,,,,,,,"setting an array element with a sequence. The requested array has an inhomogeneous shape after 1 dimensions. The detected shape was (5,) + inhomogeneous part.",DWT,inu.32000013032851
bior1.1,4.0,smooth,,,,,,27.0,smoothed,,,,,,,,,,,,,,,,,,,,,,,,"setting an array element with a sequence. The requested array has an inhomogeneous shape after 1 dimensions. The detected shape was (5,) + inhomogeneous part.",DWT,inu.32000013032851
bior1.1,4.0,periodization,,,,,,27.0,smoothed,,,,,,,,,,,,,,,,,,,,,,,,"setting an array element with a sequence. The requested array has an inhomogeneous shape after 1 dimensions. The detected shape was (5,) + inhomogeneous part.",DWT,inu.32000013032851
bior1.1,4.0,reflect,,,,,,27.0,smoothed,,,,,,,,,,,,,,,,,,,,,,,,"setting an array element with a sequence. The requested array has an inhomogeneous shape after 1 dimensions. The detected shape was (5,) + inhomogeneous part.",DWT,inu.32000013032851
bior1.1,4.0,antisymmetric,,,,,,27.0,smoothed,,,,,,,,,,,,,,,,,,,,,,,,"setting an array element with a sequence. The requested array has an inhomogeneous shape after 1 dimensions. The detected shape was (5,) + inhomogeneous part.",DWT,inu.32000013032851
bior1.1,4.0,antireflect,,,,,,27.0,smoothed,,,,,,,,,,,,,,,,,,,,,,,,"setting an array element with a sequence. The requested array has an inhomogeneous shape after 1 dimensions. The detected shape was (5,) + inhomogeneous part.",DWT,inu.32000013032851
bior1.3,2.0,zero,,,,,,27.0,smoothed,,,,,,,,,,,,,,,,,,,,,,,,"setting an array element with a sequence. The requested array has an inhomogeneous shape after 1 dimensions. The detected shape was (3,) + inhomogeneous part.",DWT,inu.32000013032851
bior1.3,2.0,constant,,,,,,27.0,smoothed,,,,,,,,,,,,,,,,,,,,,,,,"setting an array element with a sequence. The requested array has an inhomogeneous shape after 1 dimensions. The detected shape was (3,) + inhomogeneous part.",DWT,inu.32000013032851
bior1.3,2.0,symmetric,,,,,,27.0,smoothed,,,,,,,,,,,,,,,,,,,,,,,,"setting an array element with a sequence. The requested array has an inhomogeneous shape after 1 dimensions. The detected shape was (3,) + inhomogeneous part.",DWT,inu.32000013032851
bior1.3,2.0,periodic,,,,,,27.0,smoothed,,,,,,,,,,,,,,,,,,,,,,,,"setting an array element with a sequence. The requested array has an inhomogeneous shape after 1 dimensions. The detected shape was (3,) + inhomogeneous part.",DWT,inu.32000013032851
bior1.3,2.0,smooth,,,,,,27.0,smoothed,,,,,,,,,,,,,,,,,,,,,,,,"setting an array element with a sequence. The requested array has an inhomogeneous shape after 1 dimensions. The detected shape was (3,) + inhomogeneous part.",DWT,inu.32000013032851
bior1.3,2.0,periodization,,,,,,27.0,smoothed,,,,,,,,,,,,,,,,,,,,,,,,"setting an array element with a sequence. The requested array has an inhomogeneous shape after 1 dimensions. The detected shape was (3,) + inhomogeneous part.",DWT,inu.32000013032851
bior1.3,2.0,reflect,,,,,,27.0,smoothed,,,,,,,,,,,,,,,,,,,,,,,,"setting an array element with a sequence. The requested array has an inhomogeneous shape after 1 dimensions. The detected shape was (3,) + inhomogeneous part.",DWT,inu.32000013032851
bior1.3,2.0,antisymmetric,,,,,,27.0,smoothed,,,,,,,,,,,,,,,,,,,,,,,,"setting an array element with a sequence. The requested array has an inhomogeneous shape after 1 dimensions. The detected shape was (3,) + inhomogeneous part.",DWT,inu.32000013032851
bior1.3,2.0,antireflect,,,,,,27.0,smoothed,,,,,,,,,,,,,,,,,,,,,,,,"setting an array element with a sequence. The requested array has an inhomogeneous shape after 1 dimensions. The detected shape was (3,) + inhomogeneous part.",DWT,inu.32000013032851
bior2.2,2.0,zero,,,,,,27.0,smoothed,,,,,,,,,,,,,,,,,,,,,,,,"setting an array element with a sequence. The requested array has an inhomogeneous shape after 1 dimensions. The detected shape was (3,) + inhomogeneous part.",DWT,inu.32000013032851
bior2.2,2.0,constant,,,,,,27.0,smoothed,,,,,,,,,,,,,,,,,,,,,,,,"setting an array element with a sequence. The requested array has an inhomogeneous shape after 1 dimensions. The detected shape was (3,) + inhomogeneous part.",DWT,inu.32000013032851
bior2.2,2.0,symmetric,,,,,,27.0,smoothed,,,,,,,,,,,,,,,,,,,,,,,,"setting an array element with a sequence. The requested array has an inhomogeneous shape after 1 dimensions. The detected shape was (3,) + inhomogeneous part.",DWT,inu.32000013032851
bior2.2,2.0,periodic,,,,,,27.0,smoothed,,,,,,,,,,,,,,,,,,,,,,,,"setting an array element with a sequence. The requested array has an inhomogeneous shape after 1 dimensions. The detected shape was (3,) + inhomogeneous part.",DWT,inu.32000013032851
bior2.2,2.0,smooth,,,,,,27.0,smoothed,,,,,,,,,,,,,,,,,,,,,,,,"setting an array element with a sequence. The requested array has an inhomogeneous shape after 1 dimensions. The detected shape was (3,) + inhomogeneous part.",DWT,inu.32000013032851
bior2.2,2.0,periodization,,,,,,27.0,smoothed,,,,,,,,,,,,,,,,,,,,,,,,"setting an array element with a sequence. The requested array has an inhomogeneous shape after 1 dimensions. The detected shape was (3,) + inhomogeneous part.",DWT,inu.32000013032851
bior2.2,2.0,reflect,,,,,,27.0,smoothed,,,,,,,,,,,,,,,,,,,,,,,,"setting an array element with a sequence. The requested array has an inhomogeneous shape after 1 dimensions. The detected shape was (3,) + inhomogeneous part.",DWT,inu.32000013032851
bior2.2,2.0,antisymmetric,,,,,,27.0,smoothed,,,,,,,,,,,,,,,,,,,,,,,,"setting an array element with a sequence. The requested array has an inhomogeneous shape after 1 dimensions. The detected shape was (3,) + inhomogeneous part.",DWT,inu.32000013032851
bior2.2,2.0,antireflect,,,,,,27.0,smoothed,,,,,,,,,,,,,,,,,,,,,,,,"setting an array element with a sequence. The requested array has an inhomogeneous shape after 1 dimensions. The detected shape was (3,) + inhomogeneous part.",DWT,inu.32000013032851
coif5,,,,,,,,,smoothed,,,,,,,,,,,,,,,,,,,,,,,,Signal is too short for wavelet coif5,DWT,inu.32000013032851
coif6,,,,,,,,,smoothed,,,,,,,,,,,,,,,,,,,,,,,,Signal is too short for wavelet coif6,DWT,inu.32000013032851
coif7,,,,,,,,,smoothed,,,,,,,,,,,,,,,,,,,,,,,,Signal is too short for wavelet coif7,DWT,inu.32000013032851
coif8,,,,,,,,,smoothed,,,,,,,,,,,,,,,,,,,,,,,,Signal is too short for wavelet coif8,DWT,inu.32000013032851
coif9,,,,,,,,,smoothed,,,,,,,,,,,,,,,,,,,,,,,,Signal is too short for wavelet coif9,DWT,inu.32000013032851
coif10,,,,,,,,,smoothed,,,,,,,,,,,,,,,,,,,,,,,,Signal is too short for wavelet coif10,DWT,inu.32000013032851
coif11,,,,,,,,,smoothed,,,,,,,,,,,,,,,,,,,,,,,,Signal is too short for wavelet coif11,DWT,inu.32000013032851
coif12,,,,,,,,,smoothed,,,,,,,,,,,,,,,,,,,,,,,,Signal is too short for wavelet coif12,DWT,inu.32000013032851
coif13,,,,,,,,,smoothed,,,,,,,,,,,,,,,,,,,,,,,,Signal is too short for wavelet coif13,DWT,inu.32000013032851
coif14,,,,,,,,,smoothed,,,,,,,,,,,,,,,,,,,,,,,,Signal is too short for wavelet coif14,DWT,inu.32000013032851
coif15,,,,,,,,,smoothed,,,,,,,,,,,,,,,,,,,,,,,,Signal is too short for wavelet coif15,DWT,inu.32000013032851
coif16,,,,,,,,,smoothed,,,,,,,,,,,,,,,,,,,,,,,,Signal is too short for wavelet coif16,DWT,inu.32000013032851
coif17,,,,,,,,,smoothed,,,,,,,,,,,,,,,,,,,,,,,,Signal is too short for wavelet coif17,DWT,inu.32000013032851
bior3.1,2.0,zero,,,,,,27.0,smoothed,,,,,,,,,,,,,,,,,,,,,,,,"setting an array element with a sequence. The requested array has an inhomogeneous shape after 1 dimensions. The detected shape was (3,) + inhomogeneous part.",DWT,inu.32000013032851
bior3.1,2.0,constant,,,,,,27.0,smoothed,,,,,,,,,,,,,,,,,,,,,,,,"setting an array element with a sequence. The requested array has an inhomogeneous shape after 1 dimensions. The detected shape was (3,) + inhomogeneous part.",DWT,inu.32000013032851
bior3.1,2.0,symmetric,,,,,,27.0,smoothed,,,,,,,,,,,,,,,,,,,,,,,,"setting an array element with a sequence. The requested array has an inhomogeneous shape after 1 dimensions. The detected shape was (3,) + inhomogeneous part.",DWT,inu.32000013032851
bior3.1,2.0,periodic,,,,,,27.0,smoothed,,,,,,,,,,,,,,,,,,,,,,,,"setting an array element with a sequence. The requested array has an inhomogeneous shape after 1 dimensions. The detected shape was (3,) + inhomogeneous part.",DWT,inu.32000013032851
bior3.1,2.0,smooth,,,,,,27.0,smoothed,,,,,,,,,,,,,,,,,,,,,,,,"setting an array element with a sequence. The requested array has an inhomogeneous shape after 1 dimensions. The detected shape was (3,) + inhomogeneous part.",DWT,inu.32000013032851
bior3.1,2.0,periodization,,,,,,27.0,smoothed,,,,,,,,,,,,,,,,,,,,,,,,"setting an array element with a sequence. The requested array has an inhomogeneous shape after 1 dimensions. The detected shape was (3,) + inhomogeneous part.",DWT,inu.32000013032851
bior3.1,2.0,reflect,,,,,,27.0,smoothed,,,,,,,,,,,,,,,,,,,,,,,,"setting an array element with a sequence. The requested array has an inhomogeneous shape after 1 dimensions. The detected shape was (3,) + inhomogeneous part.",DWT,inu.32000013032851
bior3.1,2.0,antisymmetric,,,,,,27.0,smoothed,,,,,,,,,,,,,,,,,,,,,,,,"setting an array element with a sequence. The requested array has an inhomogeneous shape after 1 dimensions. The detected shape was (3,) + inhomogeneous part.",DWT,inu.32000013032851
bior3.1,2.0,antireflect,,,,,,27.0,smoothed,,,,,,,,,,,,,,,,,,,,,,,,"setting an array element with a sequence. The requested array has an inhomogeneous shape after 1 dimensions. The detected shape was (3,) + inhomogeneous part.",DWT,inu.32000013032851
bior3.1,3.0,zero,,,,,,27.0,smoothed,,,,,,,,,,,,,,,,,,,,,,,,"setting an array element with a sequence. The requested array has an inhomogeneous shape after 1 dimensions. The detected shape was (4,) + inhomogeneous part.",DWT,inu.32000013032851
bior3.1,3.0,constant,,,,,,27.0,smoothed,,,,,,,,,,,,,,,,,,,,,,,,"setting an array element with a sequence. The requested array has an inhomogeneous shape after 1 dimensions. The detected shape was (4,) + inhomogeneous part.",DWT,inu.32000013032851
bior3.1,3.0,symmetric,,,,,,27.0,smoothed,,,,,,,,,,,,,,,,,,,,,,,,"setting an array element with a sequence. The requested array has an inhomogeneous shape after 1 dimensions. The detected shape was (4,) + inhomogeneous part.",DWT,inu.32000013032851
bior3.1,3.0,periodic,,,,,,27.0,smoothed,,,,,,,,,,,,,,,,,,,,,,,,"setting an array element with a sequence. The requested array has an inhomogeneous shape after 1 dimensions. The detected shape was (4,) + inhomogeneous part.",DWT,inu.32000013032851
bior3.1,3.0,smooth,,,,,,27.0,smoothed,,,,,,,,,,,,,,,,,,,,,,,,"setting an array element with a sequence. The requested array has an inhomogeneous shape after 1 dimensions. The detected shape was (4,) + inhomogeneous part.",DWT,inu.32000013032851
bior3.1,3.0,periodization,,,,,,27.0,smoothed,,,,,,,,,,,,,,,,,,,,,,,,"setting an array element with a sequence. The requested array has an inhomogeneous shape after 1 dimensions. The detected shape was (4,) + inhomogeneous part.",DWT,inu.32000013032851
bior3.1,3.0,reflect,,,,,,27.0,smoothed,,,,,,,,,,,,,,,,,,,,,,,,"setting an array element with a sequence. The requested array has an inhomogeneous shape after 1 dimensions. The detected shape was (4,) + inhomogeneous part.",DWT,inu.32000013032851
bior3.1,3.0,antisymmetric,,,,,,27.0,smoothed,,,,,,,,,,,,,,,,,,,,,,,,"setting an array element with a sequence. The requested array has an inhomogeneous shape after 1 dimensions. The detected shape was (4,) + inhomogeneous part.",DWT,inu.32000013032851
bior3.1,3.0,antireflect,,,,,,27.0,smoothed,,,,,,,,,,,,,,,,,,,,,,,,"setting an array element with a sequence. The requested array has an inhomogeneous shape after 1 dimensions. The detected shape was (4,) + inhomogeneous part.",DWT,inu.32000013032851
db14,,,,,,,,,smoothed,,,,,,,,,,,,,,,,,,,,,,,,Signal is too short for wavelet db14,DWT,inu.32000013032851
db15,,,,,,,,,smoothed,,,,,,,,,,,,,,,,,,,,,,,,Signal is too short for wavelet db15,DWT,inu.32000013032851
db16,,,,,,,,,smoothed,,,,,,,,,,,,,,,,,,,,,,,,Signal is too short for wavelet db16,DWT,inu.32000013032851
db17,,,,,,,,,smoothed,,,,,,,,,,,,,,,,,,,,,,,,Signal is too short for wavelet db17,DWT,inu.32000013032851
db18,,,,,,,,,smoothed,,,,,,,,,,,,,,,,,,,,,,,,Signal is too short for wavelet db18,DWT,inu.32000013032851
db19,,,,,,,,,smoothed,,,,,,,,,,,,,,,,,,,,,,,,Signal is too short for wavelet db19,DWT,inu.32000013032851
db20,,,,,,,,,smoothed,,,,,,,,,,,,,,,,,,,,,,,,Signal is too short for wavelet db20,DWT,inu.32000013032851
db21,,,,,,,,,smoothed,,,,,,,,,,,,,,,,,,,,,,,,Signal is too short for wavelet db21,DWT,inu.32000013032851
db22,,,,,,,,,smoothed,,,,,,,,,,,,,,,,,,,,,,,,Signal is too short for wavelet db22,DWT,inu.32000013032851
db23,,,,,,,,,smoothed,,,,,,,,,,,,,,,,,,,,,,,,Signal is too short for wavelet db23,DWT,inu.32000013032851
coif1,2.0,zero,,,,,,27.0,smoothed,,,,,,,,,,,,,,,,,,,,,,,,"setting an array element with a sequence. The requested array has an inhomogeneous shape after 1 dimensions. The detected shape was (3,) + inhomogeneous part.",DWT,inu.32000013032851
coif1,2.0,constant,,,,,,27.0,smoothed,,,,,,,,,,,,,,,,,,,,,,,,"setting an array element with a sequence. The requested array has an inhomogeneous shape after 1 dimensions. The detected shape was (3,) + inhomogeneous part.",DWT,inu.32000013032851
coif1,2.0,symmetric,,,,,,27.0,smoothed,,,,,,,,,,,,,,,,,,,,,,,,"setting an array element with a sequence. The requested array has an inhomogeneous shape after 1 dimensions. The detected shape was (3,) + inhomogeneous part.",DWT,inu.32000013032851
coif1,2.0,periodic,,,,,,27.0,smoothed,,,,,,,,,,,,,,,,,,,,,,,,"setting an array element with a sequence. The requested array has an inhomogeneous shape after 1 dimensions. The detected shape was (3,) + inhomogeneous part.",DWT,inu.32000013032851
coif1,2.0,smooth,,,,,,27.0,smoothed,,,,,,,,,,,,,,,,,,,,,,,,"setting an array element with a sequence. The requested array has an inhomogeneous shape after 1 dimensions. The detected shape was (3,) + inhomogeneous part.",DWT,inu.32000013032851
coif1,2.0,periodization,,,,,,27.0,smoothed,,,,,,,,,,,,,,,,,,,,,,,,"setting an array element with a sequence. The requested array has an inhomogeneous shape after 1 dimensions. The detected shape was (3,) + inhomogeneous part.",DWT,inu.32000013032851
coif1,2.0,reflect,,,,,,27.0,smoothed,,,,,,,,,,,,,,,,,,,,,,,,"setting an array element with a sequence. The requested array has an inhomogeneous shape after 1 dimensions. The detected shape was (3,) + inhomogeneous part.",DWT,inu.32000013032851
coif1,2.0,antisymmetric,,,,,,27.0,smoothed,,,,,,,,,,,,,,,,,,,,,,,,"setting an array element with a sequence. The requested array has an inhomogeneous shape after 1 dimensions. The detected shape was (3,) + inhomogeneous part.",DWT,inu.32000013032851
coif1,2.0,antireflect,,,,,,27.0,smoothed,,,,,,,,,,,,,,,,,,,,,,,,"setting an array element with a sequence. The requested array has an inhomogeneous shape after 1 dimensions. The detected shape was (3,) + inhomogeneous part.",DWT,inu.32000013032851
db24,,,,,,,,,smoothed,,,,,,,,,,,,,,,,,,,,,,,,Signal is too short for wavelet db24,DWT,inu.32000013032851
db25,,,,,,,,,smoothed,,,,,,,,,,,,,,,,,,,,,,,,Signal is too short for wavelet db25,DWT,inu.32000013032851
db26,,,,,,,,,smoothed,,,,,,,,,,,,,,,,,,,,,,,,Signal is too short for wavelet db26,DWT,inu.32000013032851
db27,,,,,,,,,smoothed,,,,,,,,,,,,,,,,,,,,,,,,Signal is too short for wavelet db27,DWT,inu.32000013032851
db28,,,,,,,,,smoothed,,,,,,,,,,,,,,,,,,,,,,,,Signal is too short for wavelet db28,DWT,inu.32000013032851
db30,,,,,,,,,smoothed,,,,,,,,,,,,,,,,,,,,,,,,Signal is too short for wavelet db30,DWT,inu.32000013032851
db29,,,,,,,,,smoothed,,,,,,,,,,,,,,,,,,,,,,,,Signal is too short for wavelet db29,DWT,inu.32000013032851
db31,,,,,,,,,smoothed,,,,,,,,,,,,,,,,,,,,,,,,Signal is too short for wavelet db31,DWT,inu.32000013032851
db32,,,,,,,,,smoothed,,,,,,,,,,,,,,,,,,,,,,,,Signal is too short for wavelet db32,DWT,inu.32000013032851
db33,,,,,,,,,smoothed,,,,,,,,,,,,,,,,,,,,,,,,Signal is too short for wavelet db33,DWT,inu.32000013032851
db34,,,,,,,,,smoothed,,,,,,,,,,,,,,,,,,,,,,,,Signal is too short for wavelet db34,DWT,inu.32000013032851
db35,,,,,,,,,smoothed,,,,,,,,,,,,,,,,,,,,,,,,Signal is too short for wavelet db35,DWT,inu.32000013032851
db36,,,,,,,,,smoothed,,,,,,,,,,,,,,,,,,,,,,,,Signal is too short for wavelet db36,DWT,inu.32000013032851
db37,,,,,,,,,smoothed,,,,,,,,,,,,,,,,,,,,,,,,Signal is too short for wavelet db37,DWT,inu.32000013032851
db38,,,,,,,,,smoothed,,,,,,,,,,,,,,,,,,,,,,,,Signal is too short for wavelet db38,DWT,inu.32000013032851
dmey,,,,,,,,,smoothed,,,,,,,,,,,,,,,,,,,,,,,,Signal is too short for wavelet dmey,DWT,inu.32000013032851
db3,2.0,zero,,,,,,27.0,smoothed,,,,,,,,,,,,,,,,,,,,,,,,"setting an array element with a sequence. The requested array has an inhomogeneous shape after 1 dimensions. The detected shape was (3,) + inhomogeneous part.",DWT,inu.32000013032851
db3,2.0,constant,,,,,,27.0,smoothed,,,,,,,,,,,,,,,,,,,,,,,,"setting an array element with a sequence. The requested array has an inhomogeneous shape after 1 dimensions. The detected shape was (3,) + inhomogeneous part.",DWT,inu.32000013032851
db3,2.0,symmetric,,,,,,27.0,smoothed,,,,,,,,,,,,,,,,,,,,,,,,"setting an array element with a sequence. The requested array has an inhomogeneous shape after 1 dimensions. The detected shape was (3,) + inhomogeneous part.",DWT,inu.32000013032851
db3,2.0,periodic,,,,,,27.0,smoothed,,,,,,,,,,,,,,,,,,,,,,,,"setting an array element with a sequence. The requested array has an inhomogeneous shape after 1 dimensions. The detected shape was (3,) + inhomogeneous part.",DWT,inu.32000013032851
db3,2.0,smooth,,,,,,27.0,smoothed,,,,,,,,,,,,,,,,,,,,,,,,"setting an array element with a sequence. The requested array has an inhomogeneous shape after 1 dimensions. The detected shape was (3,) + inhomogeneous part.",DWT,inu.32000013032851
db3,2.0,periodization,,,,,,27.0,smoothed,,,,,,,,,,,,,,,,,,,,,,,,"setting an array element with a sequence. The requested array has an inhomogeneous shape after 1 dimensions. The detected shape was (3,) + inhomogeneous part.",DWT,inu.32000013032851
db3,2.0,reflect,,,,,,27.0,smoothed,,,,,,,,,,,,,,,,,,,,,,,,"setting an array element with a sequence. The requested array has an inhomogeneous shape after 1 dimensions. The detected shape was (3,) + inhomogeneous part.",DWT,inu.32000013032851
db3,2.0,antisymmetric,,,,,,27.0,smoothed,,,,,,,,,,,,,,,,,,,,,,,,"setting an array element with a sequence. The requested array has an inhomogeneous shape after 1 dimensions. The detected shape was (3,) + inhomogeneous part.",DWT,inu.32000013032851
db3,2.0,antireflect,,,,,,27.0,smoothed,,,,,,,,,,,,,,,,,,,,,,,,"setting an array element with a sequence. The requested array has an inhomogeneous shape after 1 dimensions. The detected shape was (3,) + inhomogeneous part.",DWT,inu.32000013032851
db2,2.0,zero,,,,,,27.0,smoothed,,,,,,,,,,,,,,,,,,,,,,,,"setting an array element with a sequence. The requested array has an inhomogeneous shape after 1 dimensions. The detected shape was (3,) + inhomogeneous part.",DWT,inu.32000013032851
db2,2.0,constant,,,,,,27.0,smoothed,,,,,,,,,,,,,,,,,,,,,,,,"setting an array element with a sequence. The requested array has an inhomogeneous shape after 1 dimensions. The detected shape was (3,) + inhomogeneous part.",DWT,inu.32000013032851
db2,2.0,symmetric,,,,,,27.0,smoothed,,,,,,,,,,,,,,,,,,,,,,,,"setting an array element with a sequence. The requested array has an inhomogeneous shape after 1 dimensions. The detected shape was (3,) + inhomogeneous part.",DWT,inu.32000013032851
db2,2.0,periodic,,,,,,27.0,smoothed,,,,,,,,,,,,,,,,,,,,,,,,"setting an array element with a sequence. The requested array has an inhomogeneous shape after 1 dimensions. The detected shape was (3,) + inhomogeneous part.",DWT,inu.32000013032851
db2,2.0,smooth,,,,,,27.0,smoothed,,,,,,,,,,,,,,,,,,,,,,,,"setting an array element with a sequence. The requested array has an inhomogeneous shape after 1 dimensions. The detected shape was (3,) + inhomogeneous part.",DWT,inu.32000013032851
db2,2.0,periodization,,,,,,27.0,smoothed,,,,,,,,,,,,,,,,,,,,,,,,"setting an array element with a sequence. The requested array has an inhomogeneous shape after 1 dimensions. The detected shape was (3,) + inhomogeneous part.",DWT,inu.32000013032851
db2,2.0,reflect,,,,,,27.0,smoothed,,,,,,,,,,,,,,,,,,,,,,,,"setting an array element with a sequence. The requested array has an inhomogeneous shape after 1 dimensions. The detected shape was (3,) + inhomogeneous part.",DWT,inu.32000013032851
db2,2.0,antisymmetric,,,,,,27.0,smoothed,,,,,,,,,,,,,,,,,,,,,,,,"setting an array element with a sequence. The requested array has an inhomogeneous shape after 1 dimensions. The detected shape was (3,) + inhomogeneous part.",DWT,inu.32000013032851
db2,2.0,antireflect,,,,,,27.0,smoothed,,,,,,,,,,,,,,,,,,,,,,,,"setting an array element with a sequence. The requested array has an inhomogeneous shape after 1 dimensions. The detected shape was (3,) + inhomogeneous part.",DWT,inu.32000013032851
db2,3.0,zero,,,,,,27.0,smoothed,,,,,,,,,,,,,,,,,,,,,,,,"setting an array element with a sequence. The requested array has an inhomogeneous shape after 1 dimensions. The detected shape was (4,) + inhomogeneous part.",DWT,inu.32000013032851
db2,3.0,constant,,,,,,27.0,smoothed,,,,,,,,,,,,,,,,,,,,,,,,"setting an array element with a sequence. The requested array has an inhomogeneous shape after 1 dimensions. The detected shape was (4,) + inhomogeneous part.",DWT,inu.32000013032851
db2,3.0,symmetric,,,,,,27.0,smoothed,,,,,,,,,,,,,,,,,,,,,,,,"setting an array element with a sequence. The requested array has an inhomogeneous shape after 1 dimensions. The detected shape was (4,) + inhomogeneous part.",DWT,inu.32000013032851
db2,3.0,periodic,,,,,,27.0,smoothed,,,,,,,,,,,,,,,,,,,,,,,,"setting an array element with a sequence. The requested array has an inhomogeneous shape after 1 dimensions. The detected shape was (4,) + inhomogeneous part.",DWT,inu.32000013032851
db2,3.0,smooth,,,,,,27.0,smoothed,,,,,,,,,,,,,,,,,,,,,,,,"setting an array element with a sequence. The requested array has an inhomogeneous shape after 1 dimensions. The detected shape was (4,) + inhomogeneous part.",DWT,inu.32000013032851
db2,3.0,periodization,,,,,,27.0,smoothed,,,,,,,,,,,,,,,,,,,,,,,,"setting an array element with a sequence. The requested array has an inhomogeneous shape after 1 dimensions. The detected shape was (4,) + inhomogeneous part.",DWT,inu.32000013032851
db2,3.0,reflect,,,,,,27.0,smoothed,,,,,,,,,,,,,,,,,,,,,,,,"setting an array element with a sequence. The requested array has an inhomogeneous shape after 1 dimensions. The detected shape was (4,) + inhomogeneous part.",DWT,inu.32000013032851
db2,3.0,antisymmetric,,,,,,27.0,smoothed,,,,,,,,,,,,,,,,,,,,,,,,"setting an array element with a sequence. The requested array has an inhomogeneous shape after 1 dimensions. The detected shape was (4,) + inhomogeneous part.",DWT,inu.32000013032851
db2,3.0,antireflect,,,,,,27.0,smoothed,,,,,,,,,,,,,,,,,,,,,,,,"setting an array element with a sequence. The requested array has an inhomogeneous shape after 1 dimensions. The detected shape was (4,) + inhomogeneous part.",DWT,inu.32000013032851
rbio1.3,2.0,zero,,,,,,27.0,smoothed,,,,,,,,,,,,,,,,,,,,,,,,"setting an array element with a sequence. The requested array has an inhomogeneous shape after 1 dimensions. The detected shape was (3,) + inhomogeneous part.",DWT,inu.32000013032851
rbio1.3,2.0,constant,,,,,,27.0,smoothed,,,,,,,,,,,,,,,,,,,,,,,,"setting an array element with a sequence. The requested array has an inhomogeneous shape after 1 dimensions. The detected shape was (3,) + inhomogeneous part.",DWT,inu.32000013032851
rbio1.3,2.0,symmetric,,,,,,27.0,smoothed,,,,,,,,,,,,,,,,,,,,,,,,"setting an array element with a sequence. The requested array has an inhomogeneous shape after 1 dimensions. The detected shape was (3,) + inhomogeneous part.",DWT,inu.32000013032851
rbio1.3,2.0,periodic,,,,,,27.0,smoothed,,,,,,,,,,,,,,,,,,,,,,,,"setting an array element with a sequence. The requested array has an inhomogeneous shape after 1 dimensions. The detected shape was (3,) + inhomogeneous part.",DWT,inu.32000013032851
rbio1.3,2.0,smooth,,,,,,27.0,smoothed,,,,,,,,,,,,,,,,,,,,,,,,"setting an array element with a sequence. The requested array has an inhomogeneous shape after 1 dimensions. The detected shape was (3,) + inhomogeneous part.",DWT,inu.32000013032851
rbio1.3,2.0,periodization,,,,,,27.0,smoothed,,,,,,,,,,,,,,,,,,,,,,,,"setting an array element with a sequence. The requested array has an inhomogeneous shape after 1 dimensions. The detected shape was (3,) + inhomogeneous part.",DWT,inu.32000013032851
rbio1.3,2.0,reflect,,,,,,27.0,smoothed,,,,,,,,,,,,,,,,,,,,,,,,"setting an array element with a sequence. The requested array has an inhomogeneous shape after 1 dimensions. The detected shape was (3,) + inhomogeneous part.",DWT,inu.32000013032851
rbio1.3,2.0,antisymmetric,,,,,,27.0,smoothed,,,,,,,,,,,,,,,,,,,,,,,,"setting an array element with a sequence. The requested array has an inhomogeneous shape after 1 dimensions. The detected shape was (3,) + inhomogeneous part.",DWT,inu.32000013032851
rbio1.3,2.0,antireflect,,,,,,27.0,smoothed,,,,,,,,,,,,,,,,,,,,,,,,"setting an array element with a sequence. The requested array has an inhomogeneous shape after 1 dimensions. The detected shape was (3,) + inhomogeneous part.",DWT,inu.32000013032851
db1,2.0,zero,,,,,,27.0,smoothed,,,,,,,,,,,,,,,,,,,,,,,,"setting an array element with a sequence. The requested array has an inhomogeneous shape after 1 dimensions. The detected shape was (3,) + inhomogeneous part.",DWT,inu.32000013032851
db1,2.0,constant,,,,,,27.0,smoothed,,,,,,,,,,,,,,,,,,,,,,,,"setting an array element with a sequence. The requested array has an inhomogeneous shape after 1 dimensions. The detected shape was (3,) + inhomogeneous part.",DWT,inu.32000013032851
db1,2.0,symmetric,,,,,,27.0,smoothed,,,,,,,,,,,,,,,,,,,,,,,,"setting an array element with a sequence. The requested array has an inhomogeneous shape after 1 dimensions. The detected shape was (3,) + inhomogeneous part.",DWT,inu.32000013032851
db1,2.0,periodic,,,,,,27.0,smoothed,,,,,,,,,,,,,,,,,,,,,,,,"setting an array element with a sequence. The requested array has an inhomogeneous shape after 1 dimensions. The detected shape was (3,) + inhomogeneous part.",DWT,inu.32000013032851
db1,2.0,smooth,,,,,,27.0,smoothed,,,,,,,,,,,,,,,,,,,,,,,,"setting an array element with a sequence. The requested array has an inhomogeneous shape after 1 dimensions. The detected shape was (3,) + inhomogeneous part.",DWT,inu.32000013032851
db1,2.0,periodization,,,,,,27.0,smoothed,,,,,,,,,,,,,,,,,,,,,,,,"setting an array element with a sequence. The requested array has an inhomogeneous shape after 1 dimensions. The detected shape was (3,) + inhomogeneous part.",DWT,inu.32000013032851
db1,2.0,reflect,,,,,,27.0,smoothed,,,,,,,,,,,,,,,,,,,,,,,,"setting an array element with a sequence. The requested array has an inhomogeneous shape after 1 dimensions. The detected shape was (3,) + inhomogeneous part.",DWT,inu.32000013032851
db1,2.0,antisymmetric,,,,,,27.0,smoothed,,,,,,,,,,,,,,,,,,,,,,,,"setting an array element with a sequence. The requested array has an inhomogeneous shape after 1 dimensions. The detected shape was (3,) + inhomogeneous part.",DWT,inu.32000013032851
db1,2.0,antireflect,,,,,,27.0,smoothed,,,,,,,,,,,,,,,,,,,,,,,,"setting an array element with a sequence. The requested array has an inhomogeneous shape after 1 dimensions. The detected shape was (3,) + inhomogeneous part.",DWT,inu.32000013032851
db1,3.0,zero,,,,,,27.0,smoothed,,,,,,,,,,,,,,,,,,,,,,,,"setting an array element with a sequence. The requested array has an inhomogeneous shape after 1 dimensions. The detected shape was (4,) + inhomogeneous part.",DWT,inu.32000013032851
db1,3.0,constant,,,,,,27.0,smoothed,,,,,,,,,,,,,,,,,,,,,,,,"setting an array element with a sequence. The requested array has an inhomogeneous shape after 1 dimensions. The detected shape was (4,) + inhomogeneous part.",DWT,inu.32000013032851
db1,3.0,symmetric,,,,,,27.0,smoothed,,,,,,,,,,,,,,,,,,,,,,,,"setting an array element with a sequence. The requested array has an inhomogeneous shape after 1 dimensions. The detected shape was (4,) + inhomogeneous part.",DWT,inu.32000013032851
db1,3.0,periodic,,,,,,27.0,smoothed,,,,,,,,,,,,,,,,,,,,,,,,"setting an array element with a sequence. The requested array has an inhomogeneous shape after 1 dimensions. The detected shape was (4,) + inhomogeneous part.",DWT,inu.32000013032851
db1,3.0,smooth,,,,,,27.0,smoothed,,,,,,,,,,,,,,,,,,,,,,,,"setting an array element with a sequence. The requested array has an inhomogeneous shape after 1 dimensions. The detected shape was (4,) + inhomogeneous part.",DWT,inu.32000013032851
db1,3.0,periodization,,,,,,27.0,smoothed,,,,,,,,,,,,,,,,,,,,,,,,"setting an array element with a sequence. The requested array has an inhomogeneous shape after 1 dimensions. The detected shape was (4,) + inhomogeneous part.",DWT,inu.32000013032851
db1,3.0,reflect,,,,,,27.0,smoothed,,,,,,,,,,,,,,,,,,,,,,,,"setting an array element with a sequence. The requested array has an inhomogeneous shape after 1 dimensions. The detected shape was (4,) + inhomogeneous part.",DWT,inu.32000013032851
db1,3.0,antisymmetric,,,,,,27.0,smoothed,,,,,,,,,,,,,,,,,,,,,,,,"setting an array element with a sequence. The requested array has an inhomogeneous shape after 1 dimensions. The detected shape was (4,) + inhomogeneous part.",DWT,inu.32000013032851
db1,3.0,antireflect,,,,,,27.0,smoothed,,,,,,,,,,,,,,,,,,,,,,,,"setting an array element with a sequence. The requested array has an inhomogeneous shape after 1 dimensions. The detected shape was (4,) + inhomogeneous part.",DWT,inu.32000013032851
db1,4.0,zero,,,,,,27.0,smoothed,,,,,,,,,,,,,,,,,,,,,,,,"setting an array element with a sequence. The requested array has an inhomogeneous shape after 1 dimensions. The detected shape was (5,) + inhomogeneous part.",DWT,inu.32000013032851
db1,4.0,constant,,,,,,27.0,smoothed,,,,,,,,,,,,,,,,,,,,,,,,"setting an array element with a sequence. The requested array has an inhomogeneous shape after 1 dimensions. The detected shape was (5,) + inhomogeneous part.",DWT,inu.32000013032851
db1,4.0,symmetric,,,,,,27.0,smoothed,,,,,,,,,,,,,,,,,,,,,,,,"setting an array element with a sequence. The requested array has an inhomogeneous shape after 1 dimensions. The detected shape was (5,) + inhomogeneous part.",DWT,inu.32000013032851
db1,4.0,periodic,,,,,,27.0,smoothed,,,,,,,,,,,,,,,,,,,,,,,,"setting an array element with a sequence. The requested array has an inhomogeneous shape after 1 dimensions. The detected shape was (5,) + inhomogeneous part.",DWT,inu.32000013032851
db1,4.0,smooth,,,,,,27.0,smoothed,,,,,,,,,,,,,,,,,,,,,,,,"setting an array element with a sequence. The requested array has an inhomogeneous shape after 1 dimensions. The detected shape was (5,) + inhomogeneous part.",DWT,inu.32000013032851
db1,4.0,periodization,,,,,,27.0,smoothed,,,,,,,,,,,,,,,,,,,,,,,,"setting an array element with a sequence. The requested array has an inhomogeneous shape after 1 dimensions. The detected shape was (5,) + inhomogeneous part.",DWT,inu.32000013032851
db1,4.0,reflect,,,,,,27.0,smoothed,,,,,,,,,,,,,,,,,,,,,,,,"setting an array element with a sequence. The requested array has an inhomogeneous shape after 1 dimensions. The detected shape was (5,) + inhomogeneous part.",DWT,inu.32000013032851
db1,4.0,antisymmetric,,,,,,27.0,smoothed,,,,,,,,,,,,,,,,,,,,,,,,"setting an array element with a sequence. The requested array has an inhomogeneous shape after 1 dimensions. The detected shape was (5,) + inhomogeneous part.",DWT,inu.32000013032851
db1,4.0,antireflect,,,,,,27.0,smoothed,,,,,,,,,,,,,,,,,,,,,,,,"setting an array element with a sequence. The requested array has an inhomogeneous shape after 1 dimensions. The detected shape was (5,) + inhomogeneous part.",DWT,inu.32000013032851
sym14,,,,,,,,,smoothed,,,,,,,,,,,,,,,,,,,,,,,,Signal is too short for wavelet sym14,DWT,inu.32000013032851
sym15,,,,,,,,,smoothed,,,,,,,,,,,,,,,,,,,,,,,,Signal is too short for wavelet sym15,DWT,inu.32000013032851
sym16,,,,,,,,,smoothed,,,,,,,,,,,,,,,,,,,,,,,,Signal is too short for wavelet sym16,DWT,inu.32000013032851
sym17,,,,,,,,,smoothed,,,,,,,,,,,,,,,,,,,,,,,,Signal is too short for wavelet sym17,DWT,inu.32000013032851
sym18,,,,,,,,,smoothed,,,,,,,,,,,,,,,,,,,,,,,,Signal is too short for wavelet sym18,DWT,inu.32000013032851
sym19,,,,,,,,,smoothed,,,,,,,,,,,,,,,,,,,,,,,,Signal is too short for wavelet sym19,DWT,inu.32000013032851
sym20,,,,,,,,,smoothed,,,,,,,,,,,,,,,,,,,,,,,,Signal is too short for wavelet sym20,DWT,inu.32000013032851
rbio2.2,2.0,zero,,,,,,27.0,smoothed,,,,,,,,,,,,,,,,,,,,,,,,"setting an array element with a sequence. The requested array has an inhomogeneous shape after 1 dimensions. The detected shape was (3,) + inhomogeneous part.",DWT,inu.32000013032851
rbio2.2,2.0,constant,,,,,,27.0,smoothed,,,,,,,,,,,,,,,,,,,,,,,,"setting an array element with a sequence. The requested array has an inhomogeneous shape after 1 dimensions. The detected shape was (3,) + inhomogeneous part.",DWT,inu.32000013032851
rbio2.2,2.0,symmetric,,,,,,27.0,smoothed,,,,,,,,,,,,,,,,,,,,,,,,"setting an array element with a sequence. The requested array has an inhomogeneous shape after 1 dimensions. The detected shape was (3,) + inhomogeneous part.",DWT,inu.32000013032851
rbio2.2,2.0,periodic,,,,,,27.0,smoothed,,,,,,,,,,,,,,,,,,,,,,,,"setting an array element with a sequence. The requested array has an inhomogeneous shape after 1 dimensions. The detected shape was (3,) + inhomogeneous part.",DWT,inu.32000013032851
rbio2.2,2.0,smooth,,,,,,27.0,smoothed,,,,,,,,,,,,,,,,,,,,,,,,"setting an array element with a sequence. The requested array has an inhomogeneous shape after 1 dimensions. The detected shape was (3,) + inhomogeneous part.",DWT,inu.32000013032851
rbio2.2,2.0,periodization,,,,,,27.0,smoothed,,,,,,,,,,,,,,,,,,,,,,,,"setting an array element with a sequence. The requested array has an inhomogeneous shape after 1 dimensions. The detected shape was (3,) + inhomogeneous part.",DWT,inu.32000013032851
rbio2.2,2.0,reflect,,,,,,27.0,smoothed,,,,,,,,,,,,,,,,,,,,,,,,"setting an array element with a sequence. The requested array has an inhomogeneous shape after 1 dimensions. The detected shape was (3,) + inhomogeneous part.",DWT,inu.32000013032851
rbio2.2,2.0,antisymmetric,,,,,,27.0,smoothed,,,,,,,,,,,,,,,,,,,,,,,,"setting an array element with a sequence. The requested array has an inhomogeneous shape after 1 dimensions. The detected shape was (3,) + inhomogeneous part.",DWT,inu.32000013032851
rbio2.2,2.0,antireflect,,,,,,27.0,smoothed,,,,,,,,,,,,,,,,,,,,,,,,"setting an array element with a sequence. The requested array has an inhomogeneous shape after 1 dimensions. The detected shape was (3,) + inhomogeneous part.",DWT,inu.32000013032851
rbio1.1,2.0,zero,,,,,,27.0,smoothed,,,,,,,,,,,,,,,,,,,,,,,,"setting an array element with a sequence. The requested array has an inhomogeneous shape after 1 dimensions. The detected shape was (3,) + inhomogeneous part.",DWT,inu.32000013032851
rbio1.1,2.0,constant,,,,,,27.0,smoothed,,,,,,,,,,,,,,,,,,,,,,,,"setting an array element with a sequence. The requested array has an inhomogeneous shape after 1 dimensions. The detected shape was (3,) + inhomogeneous part.",DWT,inu.32000013032851
rbio1.1,2.0,symmetric,,,,,,27.0,smoothed,,,,,,,,,,,,,,,,,,,,,,,,"setting an array element with a sequence. The requested array has an inhomogeneous shape after 1 dimensions. The detected shape was (3,) + inhomogeneous part.",DWT,inu.32000013032851
rbio1.1,2.0,periodic,,,,,,27.0,smoothed,,,,,,,,,,,,,,,,,,,,,,,,"setting an array element with a sequence. The requested array has an inhomogeneous shape after 1 dimensions. The detected shape was (3,) + inhomogeneous part.",DWT,inu.32000013032851
rbio1.1,2.0,smooth,,,,,,27.0,smoothed,,,,,,,,,,,,,,,,,,,,,,,,"setting an array element with a sequence. The requested array has an inhomogeneous shape after 1 dimensions. The detected shape was (3,) + inhomogeneous part.",DWT,inu.32000013032851
rbio1.1,2.0,periodization,,,,,,27.0,smoothed,,,,,,,,,,,,,,,,,,,,,,,,"setting an array element with a sequence. The requested array has an inhomogeneous shape after 1 dimensions. The detected shape was (3,) + inhomogeneous part.",DWT,inu.32000013032851
rbio1.1,2.0,reflect,,,,,,27.0,smoothed,,,,,,,,,,,,,,,,,,,,,,,,"setting an array element with a sequence. The requested array has an inhomogeneous shape after 1 dimensions. The detected shape was (3,) + inhomogeneous part.",DWT,inu.32000013032851
rbio1.1,2.0,antisymmetric,,,,,,27.0,smoothed,,,,,,,,,,,,,,,,,,,,,,,,"setting an array element with a sequence. The requested array has an inhomogeneous shape after 1 dimensions. The detected shape was (3,) + inhomogeneous part.",DWT,inu.32000013032851
rbio1.1,2.0,antireflect,,,,,,27.0,smoothed,,,,,,,,,,,,,,,,,,,,,,,,"setting an array element with a sequence. The requested array has an inhomogeneous shape after 1 dimensions. The detected shape was (3,) + inhomogeneous part.",DWT,inu.32000013032851
rbio1.1,3.0,zero,,,,,,27.0,smoothed,,,,,,,,,,,,,,,,,,,,,,,,"setting an array element with a sequence. The requested array has an inhomogeneous shape after 1 dimensions. The detected shape was (4,) + inhomogeneous part.",DWT,inu.32000013032851
rbio1.1,3.0,constant,,,,,,27.0,smoothed,,,,,,,,,,,,,,,,,,,,,,,,"setting an array element with a sequence. The requested array has an inhomogeneous shape after 1 dimensions. The detected shape was (4,) + inhomogeneous part.",DWT,inu.32000013032851
rbio1.1,3.0,symmetric,,,,,,27.0,smoothed,,,,,,,,,,,,,,,,,,,,,,,,"setting an array element with a sequence. The requested array has an inhomogeneous shape after 1 dimensions. The detected shape was (4,) + inhomogeneous part.",DWT,inu.32000013032851
rbio1.1,3.0,periodic,,,,,,27.0,smoothed,,,,,,,,,,,,,,,,,,,,,,,,"setting an array element with a sequence. The requested array has an inhomogeneous shape after 1 dimensions. The detected shape was (4,) + inhomogeneous part.",DWT,inu.32000013032851
rbio1.1,3.0,smooth,,,,,,27.0,smoothed,,,,,,,,,,,,,,,,,,,,,,,,"setting an array element with a sequence. The requested array has an inhomogeneous shape after 1 dimensions. The detected shape was (4,) + inhomogeneous part.",DWT,inu.32000013032851
rbio1.1,3.0,periodization,,,,,,27.0,smoothed,,,,,,,,,,,,,,,,,,,,,,,,"setting an array element with a sequence. The requested array has an inhomogeneous shape after 1 dimensions. The detected shape was (4,) + inhomogeneous part.",DWT,inu.32000013032851
rbio1.1,3.0,reflect,,,,,,27.0,smoothed,,,,,,,,,,,,,,,,,,,,,,,,"setting an array element with a sequence. The requested array has an inhomogeneous shape after 1 dimensions. The detected shape was (4,) + inhomogeneous part.",DWT,inu.32000013032851
rbio1.1,3.0,antisymmetric,,,,,,27.0,smoothed,,,,,,,,,,,,,,,,,,,,,,,,"setting an array element with a sequence. The requested array has an inhomogeneous shape after 1 dimensions. The detected shape was (4,) + inhomogeneous part.",DWT,inu.32000013032851
rbio1.1,3.0,antireflect,,,,,,27.0,smoothed,,,,,,,,,,,,,,,,,,,,,,,,"setting an array element with a sequence. The requested array has an inhomogeneous shape after 1 dimensions. The detected shape was (4,) + inhomogeneous part.",DWT,inu.32000013032851
rbio1.1,4.0,zero,,,,,,27.0,smoothed,,,,,,,,,,,,,,,,,,,,,,,,"setting an array element with a sequence. The requested array has an inhomogeneous shape after 1 dimensions. The detected shape was (5,) + inhomogeneous part.",DWT,inu.32000013032851
rbio1.1,4.0,constant,,,,,,27.0,smoothed,,,,,,,,,,,,,,,,,,,,,,,,"setting an array element with a sequence. The requested array has an inhomogeneous shape after 1 dimensions. The detected shape was (5,) + inhomogeneous part.",DWT,inu.32000013032851
rbio1.1,4.0,symmetric,,,,,,27.0,smoothed,,,,,,,,,,,,,,,,,,,,,,,,"setting an array element with a sequence. The requested array has an inhomogeneous shape after 1 dimensions. The detected shape was (5,) + inhomogeneous part.",DWT,inu.32000013032851
rbio1.1,4.0,periodic,,,,,,27.0,smoothed,,,,,,,,,,,,,,,,,,,,,,,,"setting an array element with a sequence. The requested array has an inhomogeneous shape after 1 dimensions. The detected shape was (5,) + inhomogeneous part.",DWT,inu.32000013032851
rbio1.1,4.0,smooth,,,,,,27.0,smoothed,,,,,,,,,,,,,,,,,,,,,,,,"setting an array element with a sequence. The requested array has an inhomogeneous shape after 1 dimensions. The detected shape was (5,) + inhomogeneous part.",DWT,inu.32000013032851
rbio1.1,4.0,periodization,,,,,,27.0,smoothed,,,,,,,,,,,,,,,,,,,,,,,,"setting an array element with a sequence. The requested array has an inhomogeneous shape after 1 dimensions. The detected shape was (5,) + inhomogeneous part.",DWT,inu.32000013032851
rbio1.1,4.0,reflect,,,,,,27.0,smoothed,,,,,,,,,,,,,,,,,,,,,,,,"setting an array element with a sequence. The requested array has an inhomogeneous shape after 1 dimensions. The detected shape was (5,) + inhomogeneous part.",DWT,inu.32000013032851
rbio1.1,4.0,antisymmetric,,,,,,27.0,smoothed,,,,,,,,,,,,,,,,,,,,,,,,"setting an array element with a sequence. The requested array has an inhomogeneous shape after 1 dimensions. The detected shape was (5,) + inhomogeneous part.",DWT,inu.32000013032851
rbio1.1,4.0,antireflect,,,,,,27.0,smoothed,,,,,,,,,,,,,,,,,,,,,,,,"setting an array element with a sequence. The requested array has an inhomogeneous shape after 1 dimensions. The detected shape was (5,) + inhomogeneous part.",DWT,inu.32000013032851
rbio3.1,2.0,zero,,,,,,27.0,smoothed,,,,,,,,,,,,,,,,,,,,,,,,"setting an array element with a sequence. The requested array has an inhomogeneous shape after 1 dimensions. The detected shape was (3,) + inhomogeneous part.",DWT,inu.32000013032851
rbio3.1,2.0,constant,,,,,,27.0,smoothed,,,,,,,,,,,,,,,,,,,,,,,,"setting an array element with a sequence. The requested array has an inhomogeneous shape after 1 dimensions. The detected shape was (3,) + inhomogeneous part.",DWT,inu.32000013032851
rbio3.1,2.0,symmetric,,,,,,27.0,smoothed,,,,,,,,,,,,,,,,,,,,,,,,"setting an array element with a sequence. The requested array has an inhomogeneous shape after 1 dimensions. The detected shape was (3,) + inhomogeneous part.",DWT,inu.32000013032851
rbio3.1,2.0,periodic,,,,,,27.0,smoothed,,,,,,,,,,,,,,,,,,,,,,,,"setting an array element with a sequence. The requested array has an inhomogeneous shape after 1 dimensions. The detected shape was (3,) + inhomogeneous part.",DWT,inu.32000013032851
rbio3.1,2.0,smooth,,,,,,27.0,smoothed,,,,,,,,,,,,,,,,,,,,,,,,"setting an array element with a sequence. The requested array has an inhomogeneous shape after 1 dimensions. The detected shape was (3,) + inhomogeneous part.",DWT,inu.32000013032851
rbio3.1,2.0,periodization,,,,,,27.0,smoothed,,,,,,,,,,,,,,,,,,,,,,,,"setting an array element with a sequence. The requested array has an inhomogeneous shape after 1 dimensions. The detected shape was (3,) + inhomogeneous part.",DWT,inu.32000013032851
rbio3.1,2.0,reflect,,,,,,27.0,smoothed,,,,,,,,,,,,,,,,,,,,,,,,"setting an array element with a sequence. The requested array has an inhomogeneous shape after 1 dimensions. The detected shape was (3,) + inhomogeneous part.",DWT,inu.32000013032851
rbio3.1,2.0,antisymmetric,,,,,,27.0,smoothed,,,,,,,,,,,,,,,,,,,,,,,,"setting an array element with a sequence. The requested array has an inhomogeneous shape after 1 dimensions. The detected shape was (3,) + inhomogeneous part.",DWT,inu.32000013032851
rbio3.1,2.0,antireflect,,,,,,27.0,smoothed,,,,,,,,,,,,,,,,,,,,,,,,"setting an array element with a sequence. The requested array has an inhomogeneous shape after 1 dimensions. The detected shape was (3,) + inhomogeneous part.",DWT,inu.32000013032851
rbio3.1,3.0,zero,,,,,,27.0,smoothed,,,,,,,,,,,,,,,,,,,,,,,,"setting an array element with a sequence. The requested array has an inhomogeneous shape after 1 dimensions. The detected shape was (4,) + inhomogeneous part.",DWT,inu.32000013032851
rbio3.1,3.0,constant,,,,,,27.0,smoothed,,,,,,,,,,,,,,,,,,,,,,,,"setting an array element with a sequence. The requested array has an inhomogeneous shape after 1 dimensions. The detected shape was (4,) + inhomogeneous part.",DWT,inu.32000013032851
rbio3.1,3.0,symmetric,,,,,,27.0,smoothed,,,,,,,,,,,,,,,,,,,,,,,,"setting an array element with a sequence. The requested array has an inhomogeneous shape after 1 dimensions. The detected shape was (4,) + inhomogeneous part.",DWT,inu.32000013032851
rbio3.1,3.0,periodic,,,,,,27.0,smoothed,,,,,,,,,,,,,,,,,,,,,,,,"setting an array element with a sequence. The requested array has an inhomogeneous shape after 1 dimensions. The detected shape was (4,) + inhomogeneous part.",DWT,inu.32000013032851
rbio3.1,3.0,smooth,,,,,,27.0,smoothed,,,,,,,,,,,,,,,,,,,,,,,,"setting an array element with a sequence. The requested array has an inhomogeneous shape after 1 dimensions. The detected shape was (4,) + inhomogeneous part.",DWT,inu.32000013032851
rbio3.1,3.0,periodization,,,,,,27.0,smoothed,,,,,,,,,,,,,,,,,,,,,,,,"setting an array element with a sequence. The requested array has an inhomogeneous shape after 1 dimensions. The detected shape was (4,) + inhomogeneous part.",DWT,inu.32000013032851
rbio3.1,3.0,reflect,,,,,,27.0,smoothed,,,,,,,,,,,,,,,,,,,,,,,,"setting an array element with a sequence. The requested array has an inhomogeneous shape after 1 dimensions. The detected shape was (4,) + inhomogeneous part.",DWT,inu.32000013032851
rbio3.1,3.0,antisymmetric,,,,,,27.0,smoothed,,,,,,,,,,,,,,,,,,,,,,,,"setting an array element with a sequence. The requested array has an inhomogeneous shape after 1 dimensions. The detected shape was (4,) + inhomogeneous part.",DWT,inu.32000013032851
rbio3.1,3.0,antireflect,,,,,,27.0,smoothed,,,,,,,,,,,,,,,,,,,,,,,,"setting an array element with a sequence. The requested array has an inhomogeneous shape after 1 dimensions. The detected shape was (4,) + inhomogeneous part.",DWT,inu.32000013032851
haar,2.0,zero,,,,,,27.0,smoothed,,,,,,,,,,,,,,,,,,,,,,,,"setting an array element with a sequence. The requested array has an inhomogeneous shape after 1 dimensions. The detected shape was (3,) + inhomogeneous part.",DWT,inu.32000013032851
haar,2.0,constant,,,,,,27.0,smoothed,,,,,,,,,,,,,,,,,,,,,,,,"setting an array element with a sequence. The requested array has an inhomogeneous shape after 1 dimensions. The detected shape was (3,) + inhomogeneous part.",DWT,inu.32000013032851
haar,2.0,symmetric,,,,,,27.0,smoothed,,,,,,,,,,,,,,,,,,,,,,,,"setting an array element with a sequence. The requested array has an inhomogeneous shape after 1 dimensions. The detected shape was (3,) + inhomogeneous part.",DWT,inu.32000013032851
haar,2.0,periodic,,,,,,27.0,smoothed,,,,,,,,,,,,,,,,,,,,,,,,"setting an array element with a sequence. The requested array has an inhomogeneous shape after 1 dimensions. The detected shape was (3,) + inhomogeneous part.",DWT,inu.32000013032851
haar,2.0,smooth,,,,,,27.0,smoothed,,,,,,,,,,,,,,,,,,,,,,,,"setting an array element with a sequence. The requested array has an inhomogeneous shape after 1 dimensions. The detected shape was (3,) + inhomogeneous part.",DWT,inu.32000013032851
haar,2.0,periodization,,,,,,27.0,smoothed,,,,,,,,,,,,,,,,,,,,,,,,"setting an array element with a sequence. The requested array has an inhomogeneous shape after 1 dimensions. The detected shape was (3,) + inhomogeneous part.",DWT,inu.32000013032851
haar,2.0,reflect,,,,,,27.0,smoothed,,,,,,,,,,,,,,,,,,,,,,,,"setting an array element with a sequence. The requested array has an inhomogeneous shape after 1 dimensions. The detected shape was (3,) + inhomogeneous part.",DWT,inu.32000013032851
haar,2.0,antisymmetric,,,,,,27.0,smoothed,,,,,,,,,,,,,,,,,,,,,,,,"setting an array element with a sequence. The requested array has an inhomogeneous shape after 1 dimensions. The detected shape was (3,) + inhomogeneous part.",DWT,inu.32000013032851
haar,2.0,antireflect,,,,,,27.0,smoothed,,,,,,,,,,,,,,,,,,,,,,,,"setting an array element with a sequence. The requested array has an inhomogeneous shape after 1 dimensions. The detected shape was (3,) + inhomogeneous part.",DWT,inu.32000013032851
haar,3.0,zero,,,,,,27.0,smoothed,,,,,,,,,,,,,,,,,,,,,,,,"setting an array element with a sequence. The requested array has an inhomogeneous shape after 1 dimensions. The detected shape was (4,) + inhomogeneous part.",DWT,inu.32000013032851
haar,3.0,constant,,,,,,27.0,smoothed,,,,,,,,,,,,,,,,,,,,,,,,"setting an array element with a sequence. The requested array has an inhomogeneous shape after 1 dimensions. The detected shape was (4,) + inhomogeneous part.",DWT,inu.32000013032851
haar,3.0,symmetric,,,,,,27.0,smoothed,,,,,,,,,,,,,,,,,,,,,,,,"setting an array element with a sequence. The requested array has an inhomogeneous shape after 1 dimensions. The detected shape was (4,) + inhomogeneous part.",DWT,inu.32000013032851
haar,3.0,periodic,,,,,,27.0,smoothed,,,,,,,,,,,,,,,,,,,,,,,,"setting an array element with a sequence. The requested array has an inhomogeneous shape after 1 dimensions. The detected shape was (4,) + inhomogeneous part.",DWT,inu.32000013032851
haar,3.0,smooth,,,,,,27.0,smoothed,,,,,,,,,,,,,,,,,,,,,,,,"setting an array element with a sequence. The requested array has an inhomogeneous shape after 1 dimensions. The detected shape was (4,) + inhomogeneous part.",DWT,inu.32000013032851
haar,3.0,periodization,,,,,,27.0,smoothed,,,,,,,,,,,,,,,,,,,,,,,,"setting an array element with a sequence. The requested array has an inhomogeneous shape after 1 dimensions. The detected shape was (4,) + inhomogeneous part.",DWT,inu.32000013032851
haar,3.0,reflect,,,,,,27.0,smoothed,,,,,,,,,,,,,,,,,,,,,,,,"setting an array element with a sequence. The requested array has an inhomogeneous shape after 1 dimensions. The detected shape was (4,) + inhomogeneous part.",DWT,inu.32000013032851
haar,3.0,antisymmetric,,,,,,27.0,smoothed,,,,,,,,,,,,,,,,,,,,,,,,"setting an array element with a sequence. The requested array has an inhomogeneous shape after 1 dimensions. The detected shape was (4,) + inhomogeneous part.",DWT,inu.32000013032851
haar,3.0,antireflect,,,,,,27.0,smoothed,,,,,,,,,,,,,,,,,,,,,,,,"setting an array element with a sequence. The requested array has an inhomogeneous shape after 1 dimensions. The detected shape was (4,) + inhomogeneous part.",DWT,inu.32000013032851
haar,4.0,zero,,,,,,27.0,smoothed,,,,,,,,,,,,,,,,,,,,,,,,"setting an array element with a sequence. The requested array has an inhomogeneous shape after 1 dimensions. The detected shape was (5,) + inhomogeneous part.",DWT,inu.32000013032851
haar,4.0,constant,,,,,,27.0,smoothed,,,,,,,,,,,,,,,,,,,,,,,,"setting an array element with a sequence. The requested array has an inhomogeneous shape after 1 dimensions. The detected shape was (5,) + inhomogeneous part.",DWT,inu.32000013032851
haar,4.0,symmetric,,,,,,27.0,smoothed,,,,,,,,,,,,,,,,,,,,,,,,"setting an array element with a sequence. The requested array has an inhomogeneous shape after 1 dimensions. The detected shape was (5,) + inhomogeneous part.",DWT,inu.32000013032851
haar,4.0,periodic,,,,,,27.0,smoothed,,,,,,,,,,,,,,,,,,,,,,,,"setting an array element with a sequence. The requested array has an inhomogeneous shape after 1 dimensions. The detected shape was (5,) + inhomogeneous part.",DWT,inu.32000013032851
haar,4.0,smooth,,,,,,27.0,smoothed,,,,,,,,,,,,,,,,,,,,,,,,"setting an array element with a sequence. The requested array has an inhomogeneous shape after 1 dimensions. The detected shape was (5,) + inhomogeneous part.",DWT,inu.32000013032851
haar,4.0,periodization,,,,,,27.0,smoothed,,,,,,,,,,,,,,,,,,,,,,,,"setting an array element with a sequence. The requested array has an inhomogeneous shape after 1 dimensions. The detected shape was (5,) + inhomogeneous part.",DWT,inu.32000013032851
haar,4.0,reflect,,,,,,27.0,smoothed,,,,,,,,,,,,,,,,,,,,,,,,"setting an array element with a sequence. The requested array has an inhomogeneous shape after 1 dimensions. The detected shape was (5,) + inhomogeneous part.",DWT,inu.32000013032851
haar,4.0,antisymmetric,,,,,,27.0,smoothed,,,,,,,,,,,,,,,,,,,,,,,,"setting an array element with a sequence. The requested array has an inhomogeneous shape after 1 dimensions. The detected shape was (5,) + inhomogeneous part.",DWT,inu.32000013032851
haar,4.0,antireflect,,,,,,27.0,smoothed,,,,,,,,,,,,,,,,,,,,,,,,"setting an array element with a sequence. The requested array has an inhomogeneous shape after 1 dimensions. The detected shape was (5,) + inhomogeneous part.",DWT,inu.32000013032851
sym3,2.0,zero,,,,,,27.0,smoothed,,,,,,,,,,,,,,,,,,,,,,,,"setting an array element with a sequence. The requested array has an inhomogeneous shape after 1 dimensions. The detected shape was (3,) + inhomogeneous part.",DWT,inu.32000013032851
sym3,2.0,constant,,,,,,27.0,smoothed,,,,,,,,,,,,,,,,,,,,,,,,"setting an array element with a sequence. The requested array has an inhomogeneous shape after 1 dimensions. The detected shape was (3,) + inhomogeneous part.",DWT,inu.32000013032851
sym3,2.0,symmetric,,,,,,27.0,smoothed,,,,,,,,,,,,,,,,,,,,,,,,"setting an array element with a sequence. The requested array has an inhomogeneous shape after 1 dimensions. The detected shape was (3,) + inhomogeneous part.",DWT,inu.32000013032851
sym3,2.0,periodic,,,,,,27.0,smoothed,,,,,,,,,,,,,,,,,,,,,,,,"setting an array element with a sequence. The requested array has an inhomogeneous shape after 1 dimensions. The detected shape was (3,) + inhomogeneous part.",DWT,inu.32000013032851
sym3,2.0,smooth,,,,,,27.0,smoothed,,,,,,,,,,,,,,,,,,,,,,,,"setting an array element with a sequence. The requested array has an inhomogeneous shape after 1 dimensions. The detected shape was (3,) + inhomogeneous part.",DWT,inu.32000013032851
sym3,2.0,periodization,,,,,,27.0,smoothed,,,,,,,,,,,,,,,,,,,,,,,,"setting an array element with a sequence. The requested array has an inhomogeneous shape after 1 dimensions. The detected shape was (3,) + inhomogeneous part.",DWT,inu.32000013032851
sym3,2.0,reflect,,,,,,27.0,smoothed,,,,,,,,,,,,,,,,,,,,,,,,"setting an array element with a sequence. The requested array has an inhomogeneous shape after 1 dimensions. The detected shape was (3,) + inhomogeneous part.",DWT,inu.32000013032851
sym3,2.0,antisymmetric,,,,,,27.0,smoothed,,,,,,,,,,,,,,,,,,,,,,,,"setting an array element with a sequence. The requested array has an inhomogeneous shape after 1 dimensions. The detected shape was (3,) + inhomogeneous part.",DWT,inu.32000013032851
sym3,2.0,antireflect,,,,,,27.0,smoothed,,,,,,,,,,,,,,,,,,,,,,,,"setting an array element with a sequence. The requested array has an inhomogeneous shape after 1 dimensions. The detected shape was (3,) + inhomogeneous part.",DWT,inu.32000013032851
sym2,2.0,zero,,,,,,27.0,smoothed,,,,,,,,,,,,,,,,,,,,,,,,"setting an array element with a sequence. The requested array has an inhomogeneous shape after 1 dimensions. The detected shape was (3,) + inhomogeneous part.",DWT,inu.32000013032851
sym2,2.0,constant,,,,,,27.0,smoothed,,,,,,,,,,,,,,,,,,,,,,,,"setting an array element with a sequence. The requested array has an inhomogeneous shape after 1 dimensions. The detected shape was (3,) + inhomogeneous part.",DWT,inu.32000013032851
sym2,2.0,symmetric,,,,,,27.0,smoothed,,,,,,,,,,,,,,,,,,,,,,,,"setting an array element with a sequence. The requested array has an inhomogeneous shape after 1 dimensions. The detected shape was (3,) + inhomogeneous part.",DWT,inu.32000013032851
sym2,2.0,periodic,,,,,,27.0,smoothed,,,,,,,,,,,,,,,,,,,,,,,,"setting an array element with a sequence. The requested array has an inhomogeneous shape after 1 dimensions. The detected shape was (3,) + inhomogeneous part.",DWT,inu.32000013032851
sym2,2.0,smooth,,,,,,27.0,smoothed,,,,,,,,,,,,,,,,,,,,,,,,"setting an array element with a sequence. The requested array has an inhomogeneous shape after 1 dimensions. The detected shape was (3,) + inhomogeneous part.",DWT,inu.32000013032851
sym2,2.0,periodization,,,,,,27.0,smoothed,,,,,,,,,,,,,,,,,,,,,,,,"setting an array element with a sequence. The requested array has an inhomogeneous shape after 1 dimensions. The detected shape was (3,) + inhomogeneous part.",DWT,inu.32000013032851
sym2,2.0,reflect,,,,,,27.0,smoothed,,,,,,,,,,,,,,,,,,,,,,,,"setting an array element with a sequence. The requested array has an inhomogeneous shape after 1 dimensions. The detected shape was (3,) + inhomogeneous part.",DWT,inu.32000013032851
sym2,2.0,antisymmetric,,,,,,27.0,smoothed,,,,,,,,,,,,,,,,,,,,,,,,"setting an array element with a sequence. The requested array has an inhomogeneous shape after 1 dimensions. The detected shape was (3,) + inhomogeneous part.",DWT,inu.32000013032851
sym2,2.0,antireflect,,,,,,27.0,smoothed,,,,,,,,,,,,,,,,,,,,,,,,"setting an array element with a sequence. The requested array has an inhomogeneous shape after 1 dimensions. The detected shape was (3,) + inhomogeneous part.",DWT,inu.32000013032851
sym2,3.0,zero,,,,,,27.0,smoothed,,,,,,,,,,,,,,,,,,,,,,,,"setting an array element with a sequence. The requested array has an inhomogeneous shape after 1 dimensions. The detected shape was (4,) + inhomogeneous part.",DWT,inu.32000013032851
sym2,3.0,constant,,,,,,27.0,smoothed,,,,,,,,,,,,,,,,,,,,,,,,"setting an array element with a sequence. The requested array has an inhomogeneous shape after 1 dimensions. The detected shape was (4,) + inhomogeneous part.",DWT,inu.32000013032851
sym2,3.0,symmetric,,,,,,27.0,smoothed,,,,,,,,,,,,,,,,,,,,,,,,"setting an array element with a sequence. The requested array has an inhomogeneous shape after 1 dimensions. The detected shape was (4,) + inhomogeneous part.",DWT,inu.32000013032851
sym2,3.0,periodic,,,,,,27.0,smoothed,,,,,,,,,,,,,,,,,,,,,,,,"setting an array element with a sequence. The requested array has an inhomogeneous shape after 1 dimensions. The detected shape was (4,) + inhomogeneous part.",DWT,inu.32000013032851
sym2,3.0,smooth,,,,,,27.0,smoothed,,,,,,,,,,,,,,,,,,,,,,,,"setting an array element with a sequence. The requested array has an inhomogeneous shape after 1 dimensions. The detected shape was (4,) + inhomogeneous part.",DWT,inu.32000013032851
sym2,3.0,periodization,,,,,,27.0,smoothed,,,,,,,,,,,,,,,,,,,,,,,,"setting an array element with a sequence. The requested array has an inhomogeneous shape after 1 dimensions. The detected shape was (4,) + inhomogeneous part.",DWT,inu.32000013032851
sym2,3.0,reflect,,,,,,27.0,smoothed,,,,,,,,,,,,,,,,,,,,,,,,"setting an array element with a sequence. The requested array has an inhomogeneous shape after 1 dimensions. The detected shape was (4,) + inhomogeneous part.",DWT,inu.32000013032851
sym2,3.0,antisymmetric,,,,,,27.0,smoothed,,,,,,,,,,,,,,,,,,,,,,,,"setting an array element with a sequence. The requested array has an inhomogeneous shape after 1 dimensions. The detected shape was (4,) + inhomogeneous part.",DWT,inu.32000013032851
sym2,3.0,antireflect,,,,,,27.0,smoothed,,,,,,,,,,,,,,,,,,,,,,,,"setting an array element with a sequence. The requested array has an inhomogeneous shape after 1 dimensions. The detected shape was (4,) + inhomogeneous part.",DWT,inu.32000013032851
