signal_type,wavelet,wavelet_energy_entropy,wavelet_sparsity,wavelet_adaptive_threshold,wavelet_psnr,signal_length,scales_used,emd_value,kl_divergence,is_complex,change_point_indices,change_point_prominences,num_change_points,wavelet_entropy,avg_variance_across_levels,variance_ratio_across_levels,smoothness,correlation,relative_num_peaks,avg_prominence,prominence_min,prominence_max,relative_peaks,relative_prominences,relative_left_bases,relative_right_bases,prominence_threshold,distance_factor,max_autocorrelation,upper_envelope,lower_envelope,fft_frequency_max,fft_amplitude_max,fft_spectral_centroid,fft_spectral_bandwidth,fft_spectral_magnitude,fft_variance_magnitude,fft_num_peaks,fft_peak_amplitude,fft_dominant_frequency,fft_positive_frequencies,fft_positive_amplitudes,fft_snr_threshold,fft_stationarity_threshold,fft_dynamic_cutoff,fft_dynamic_cutoff_percentile,wavelet_type,htid,max_autocorrelation_diff,fft_amplitude_max_diff,fft_dominant_frequency_diff,prominence_max_diff,fft_variance_magnitude_diff,avg_prominence_diff,upper_envelope_diff,relative_prominences_avg_diff,relative_prominences_total_diff,relative_prominences_wasserstein,fft_snr_threshold_diff,lower_envelope_diff,relative_peaks_array_alignment_score,relative_peaks_global_alignment_score,fft_peak_amplitude_diff,fft_stationarity_threshold_diff,relative_left_bases_array_alignment_score,relative_left_bases_global_alignment_score,fft_frequency_max_diff,fft_num_peaks_diff,fft_dynamic_cutoff_percentile_diff,prominence_min_diff,fft_dynamic_cutoff_diff,fft_spectral_centroid_diff,fft_spectral_bandwidth_diff,prominence_threshold_diff,distance_factor_diff,fft_spectral_magnitude_diff,relative_right_bases_array_alignment_score,relative_right_bases_global_alignment_score,relative_num_peaks_diff,emd_value_normalized,wavelet_psnr_normalized,wavelet_entropy_normalized,wavelet_energy_entropy_normalized,wavelet_sparsity_normalized,correlation_normalized,avg_variance_across_levels_normalized,kl_divergence_normalized,prominence_min_diff_normalized,avg_prominence_diff_normalized,relative_prominences_avg_diff_normalized,relative_prominences_wasserstein_normalized,relative_prominences_total_diff_normalized,prominence_max_diff_normalized,relative_num_peaks_diff_normalized,max_autocorrelation_diff_normalized,relative_right_bases_global_alignment_score_normalized,relative_left_bases_global_alignment_score_normalized,upper_envelope_diff_normalized,lower_envelope_diff_normalized,relative_peaks_global_alignment_score_normalized,reconstruction_signal_weighted_score,reconstruction_signal_normalized_weighted_score,reconstruction_signal_normalized_weighted_rank,wavelet_signal_weighted_score,wavelet_signal_normalized_weighted_score,wavelet_signal_normalized_weighted_rank,reconstruction_signal_num_missing_metrics,reconstruction_signal_missing_metrics_count,reconstruction_signal_dynamically_weighted_score,reconstruction_signal_normalized_dynamically_weighted_score,reconstruction_signal_normalized_dynamically_weighted_rank,wavelet_signal_num_missing_metrics,wavelet_signal_missing_metrics_count,wavelet_signal_dynamically_weighted_score,wavelet_signal_normalized_dynamically_weighted_score,wavelet_signal_normalized_dynamically_weighted_rank,rank_variability,normalized_rank_stability,average_rank,harmonic_average_rank,stability_score_weighted,stability_rank,wavelet_family,family_mean_stability_rank,family_median_stability_rank,family_rank_std_dev,family_wavelet_count,normalized_family_mean_rank,normalized_family_std_dev,final_family_stability_score,final_family_stability_rank,family_informed_rank
smoothed,gaus8,21.643574670342034,0.67956846303303,675.7689588689891,-32.01389970716303,616,127,40778.995974693724,,False,"[35, 81, 107, 135, 159, 181, 209, 229, 251, 289, 316, 344, 370, 414, 436, 479, 504, 533, 574, 596]","[132842.9191396106, 48094.52781151989, 6769.1826508017775, 6716.363776661463, 35435.861373900276, 86538.1800730265, 22833.40846285097, 77338.11235358272, 19093.108827638338, 39774.86656331056, 45051.9140620477, 9081.743940936174, 73135.264930896, 27620.702025365736, 52036.20269696798, 27326.078572781604, 48852.637836480564, 31556.242555645447, 658.2016176021134, 127552.68113967591]",20,15.16767181228541,474267.7052846293,0.018043804957145748,4.5744833272318963e-07,0.3165675897636935,20,47486.041963323325,658.2016176021134,154037.21918294724,"[35, 98, 122, 147, 168, 209, 229, 251, 273, 309, 334, 360, 387, 414, 436, 459, 491, 524, 574, 596]","[145496.3567060324, 80836.89629172311, 18923.073877923827, 1288.7560761694913, 35435.861373900276, 22833.40846285097, 154037.21918294724, 19093.108827638338, 14787.153090267777, 39774.86656331056, 66151.46960999125, 3816.598067613955, 18676.557803518786, 27620.702025365736, 103935.31515037487, 9920.292271132888, 27326.078572781604, 31556.242555645447, 658.2016176021134, 127552.68113967591]","[0, 81, 107, 145, 159, 181, 181, 239, 262, 289, 316, 356, 370, 370, 370, 454, 479, 504, 370, 181]","[181, 181, 181, 159, 181, 215, 370, 370, 316, 316, 370, 370, 395, 425, 504, 504, 504, 533, 575, 615]",0.05,30,1725591537198.5278,137275.00992067266,-137275.00992067266,,,,,,,,,,,,,,,,CWT,inu.32000013025053,,,,152715.8858496139,,46540.37529665666,135953.67658733932,46540.37529665666,927970.5059331332,46540.37529665666,,135953.67658733932,0.0,5.0,,,0.0,-8.5,,,,414.5349509354468,,,,0.0,0.0,,0.0,-4.0,3.0,0.07539487703659759,0.8072133895823029,0.6789313726608736,0.8506246859488499,0.5092411999628494,0.7664993182083681,0.03478529952736556,,0.23200130477449482,1.0,1.0,1.0,0.9449636706237449,0.34181219048310907,0.5,,0.6451612903225806,0.3666666666666667,0.11596909798377178,0.11596909798377178,0.7755102040816326,2.115660797694535,0.980199439518673,2,1.7959348532446562,0.8128867789007418,3,0,0,0.5865044602433144,0.9786290330752846,2,1,0.125,0.5255628775610296,0.8804134286031614,3,0.5773502691896257,0.9518874775675312,2.5,2.4000000000000004,0.871777072117099,1,gaus,6.375,6.5,3.8890872965260117,8,0.5795454545454546,1.0,0.29431818181818176,1,1.0
smoothed,gaus6,21.776837200294924,0.6715282748747315,685.7017673499429,-33.20254281206286,616,127,46011.68943822224,,False,"[35, 97, 136, 159, 181, 209, 230, 251, 289, 317, 344, 370, 395, 415, 436, 479, 503, 533, 573, 596]","[153887.05840939132, 43138.437839078644, 4207.202344286619, 103760.95875933819, 29865.17451687873, 17537.348348716452, 81363.10133641616, 19873.868386990733, 28763.55554227264, 47385.452269080386, 8014.11512047179, 79381.25322941713, 15914.641200061724, 24596.61514188212, 46020.372610652834, 41907.518516739554, 22245.991586254742, 21526.63357169517, 1296.9775804966048, 133375.2444114441]",20,15.086549896985115,529844.7599760634,0.014556480175017789,5.272140358846874e-07,0.26265475259335863,20,44495.03873233289,451.5907921594626,166751.7665892145,"[35, 97, 121, 147, 168, 209, 230, 251, 272, 308, 334, 360, 387, 415, 436, 459, 491, 524, 573, 596]","[166751.7665892145, 61047.784219561654, 6828.779053319569, 451.5907921594626, 29865.17451687873, 17537.348348716452, 162529.29407173657, 19873.868386990733, 11540.010990154125, 28763.55554227264, 56623.92140395825, 3316.0915299247754, 15914.641200061724, 24596.61514188212, 91731.01437967567, 9613.511840235884, 22245.991586254742, 25997.59306171942, 1296.9775804966048, 133375.2444114441]","[0, 82, 117, 146, 159, 159, 159, 239, 262, 289, 317, 356, 370, 370, 370, 453, 479, 479, 159, 159]","[159, 159, 159, 159, 181, 214, 370, 370, 370, 317, 370, 370, 395, 425, 479, 479, 503, 533, 576, 615]",0.05,30,2266966128896.1685,158915.92043985898,-158915.92043985898,,,,,,,,,,,,,,,,CWT,inu.32000013025053,,,,165430.43325588116,,43549.372065666226,157594.58710652564,43549.372065666226,868150.4413133244,43549.37206566622,,157594.58710652564,0.0,5.0,,,0.0,-13.0,,,,207.92412549279595,,,,0.0,0.0,,0.0,0.5,3.0,0.1197270831252144,0.7279386049926437,0.6140031916972009,0.8596981316008989,0.4508219559765948,0.6289481517159213,0.049499662300411806,,0.11022686157928323,0.8940597358214943,0.8940597358214943,0.8940516181590046,0.8512450072635199,0.4240074295227455,0.5,,0.935483870967742,0.06666666666666668,0.16051999928631908,0.16051999928631908,0.7755102040816326,1.9948706981018105,0.9242365989493277,3,1.6612398575793714,0.7519203240415427,4,0,0,0.5555292607046851,0.9269444652184141,3,1,0.125,0.48669811162984083,0.8153078755166729,4,0.5773502691896257,0.9518874775675312,3.5,3.428571428571429,0.8301104054504322,2,gaus,6.375,6.5,3.8890872965260117,8,0.5795454545454546,1.0,0.29431818181818176,1,1.75
smoothed,morl,21.30815808785078,0.673599038756519,567.99983215133,-29.82865014387884,616,127,31879.86112306177,,False,"[14, 35, 80, 100, 123, 159, 182, 227, 252, 289, 309, 334, 370, 415, 436, 479, 504, 533, 573, 597]","[23378.30029233564, 93310.2078566855, 79173.19371517605, 32003.53542509614, 39744.28678093939, 33668.42227940995, 70287.0739888942, 54900.563247659025, 20800.7163513524, 50443.39193235363, 6959.458141521696, 39568.72225732489, 71700.21980922096, 29087.142621500694, 46588.992995428816, 32065.885057029904, 30157.017021288775, 55283.8769659335, 2731.1857856237984, 115823.36523736562]",20,15.160771385287768,342881.4859757195,0.02623275517693184,1.4311596426720978e-07,0.4080876005175512,22,44765.91820465187,35.42085039036101,129570.7422802387,"[14, 35, 56, 100, 123, 147, 167, 200, 227, 252, 275, 309, 334, 359, 387, 415, 436, 470, 490, 514, 573, 597]","[23378.30029233564, 106124.29457401122, 2450.5535722647764, 32003.53542509614, 111227.72785526169, 2190.3849965439967, 33668.42227940995, 35.42085039036101, 129570.7422802387, 20800.7163513524, 24412.860581870922, 43220.1596853779, 91774.40721328097, 4446.408640295094, 25930.180117780008, 29087.142621500694, 102853.591289175, 20897.89877484768, 32065.885057029904, 30157.017021288775, 2731.1857856237984, 115823.36523736562]","[0, 0, 54, 80, 80, 145, 159, 182, 80, 240, 261, 289, 289, 356, 370, 370, 370, 452, 479, 504, 533, 80]","[26, 80, 80, 107, 182, 182, 182, 201, 370, 289, 289, 316, 370, 370, 396, 425, 533, 533, 533, 533, 576, 615]",0.05,30,1046112608477.9275,118501.28981542132,-118501.28981542132,,,,,,,,,,,,,,,,CWT,inu.32000013025053,,,,128249.40894690537,,43820.251537985205,117179.95648208799,43820.251537985205,963099.8671690078,43839.69944486672,,117179.95648208799,0.0,10.5,,,0.0,-3.0,,,,208.24581627630562,,,,0.0,0.0,,0.0,-3.0,1.0,0.0,0.9529553601451151,0.6734084240079599,0.8277871776627153,0.46586792978545527,0.9999999999999999,0.0,,0.11041646304841726,0.9036541898029111,0.9036541898029111,0.9043356979994145,1.0,0.18364471088532208,0.0,,0.7096774193548387,0.7333333333333334,0.0773207171428095,0.0773207171428095,1.0,1.813669879764698,0.8402850785695438,6,1.9087181888365885,0.8639354470734052,2,0,0,0.5502797865427305,0.9181853028053335,4,1,0.125,0.5537526988001779,0.9276365073792813,2,1.9148542155126762,0.8404288153739436,3.5,2.823529411764706,0.7743810743536385,3,morl,3.0,3.0,,1,0.2727272727272727,,,4,3.25
smoothed,gaus4,21.987640493475556,0.6632707843337765,707.4700628606097,-34.74289144090529,616,127,56349.12078994574,,False,"[35, 56, 96, 136, 159, 181, 209, 230, 251, 289, 317, 344, 370, 395, 415, 436, 471, 491, 524, 572, 595]","[190370.95160003944, 125.6598739977635, 43477.23911746318, 1811.264202674567, 105837.12228598808, 27387.363651302643, 14470.9793714583, 69774.85793445841, 19672.338014823537, 19657.998700155134, 47127.83282755741, 6908.032717577589, 90533.44809226999, 11734.364082012551, 17470.24256334982, 46423.48784689342, 15452.885791457027, 14712.263680967862, 22169.962476633005, 4046.1514679177053, 142520.2404921206]",21,14.983842862402005,615353.8973043805,0.01451445283360308,6.497726982985561e-07,0.20057266149594785,20,41649.44512684437,125.6598739977635,191209.35960928292,"[35, 56, 96, 120, 168, 209, 230, 251, 272, 308, 332, 360, 387, 415, 436, 471, 491, 524, 572, 595]","[191209.35960928292, 125.6598739977635, 43477.23911746318, 3237.6885267199523, 27387.363651302643, 14470.9793714583, 162410.47070444265, 19672.338014823537, 9555.284688221494, 19657.998700155134, 47127.83282755741, 2877.2007285753934, 11734.364082012551, 17470.24256334982, 60284.74497476207, 18188.497842715235, 14712.263680967862, 22169.962476633005, 4046.1514679177053, 143173.25963452892]","[0, 55, 82, 117, 159, 159, 159, 239, 263, 289, 317, 356, 370, 370, 370, 453, 479, 370, 159, 159]","[159, 159, 159, 159, 181, 214, 370, 370, 370, 317, 370, 370, 395, 425, 479, 479, 501, 533, 577, 615]",0.05,30,3231512046322.8604,190790.15560466118,-190790.15560466118,,,,,,,,,,,,,,,,CWT,inu.32000013025053,,,,189888.02627594958,,40703.77846017771,189468.82227132784,40703.77846017771,811238.5692035541,40717.283487270695,,189468.82227132784,0.0,-4.0,,,0.0,-13.0,,,,118.00679266890313,,,,0.0,0.0,,0.0,0.5,3.0,0.2073074354439047,0.6252073434044557,0.5317987602193599,0.8740510950680009,0.39082381350422607,0.4705542608183007,0.07213872574205571,,0.05723044614573,0.7932698285467054,0.7932698285467054,0.7937323677474927,0.762082539496985,0.582117477830698,0.5,,0.935483870967742,0.06666666666666668,0.22613765911917702,0.22613765911917702,0.40816326530612246,1.8756535204321672,0.8690025033607898,5,1.5136482843453585,0.6851165430790349,6,0,0,0.5120243007911001,0.8543530021687585,6,1,0.125,0.44687591917147196,0.7485984588252396,6,0.5,0.9583333333333334,5.75,5.714285714285714,0.7395833333333333,4,gaus,6.375,6.5,3.8890872965260117,8,0.5795454545454546,1.0,0.29431818181818176,1,3.25
smoothed,fbsp,18.59564290777655,0.7277201145311382,1082.2846270066345,-38.36406091144808,616,127,91156.8777092015,-1864492.082062056,True,"[3, 28, 54, 98, 126, 159, 191, 224, 253, 277, 309, 333, 378, 409, 439, 472, 495, 525, 557, 585, 614]","[5616.221198889543, 8505.644911863026, 2173.019688699176, 53051.06026897651, 13044.787135626568, 16880.94533013788, 27379.420701142284, 88776.26078603009, 19860.992245534988, 11764.932820210299, 19095.64321734243, 34399.69731092046, 20715.403309636757, 22846.762129148294, 58150.11854895185, 17655.702480719447, 24507.390676652656, 25897.39382515158, 10001.870929412427, 980.5648832364823, 612.0989654238801]",21,15.13247294477279,903036.2604666428,0.016606921834849575,1.8538956749006138e-07,0.15581056589394376,20,41482.97750322261,1961.2405820673594,182611.74980103425,"[36, 58, 98, 121, 166, 228, 252, 273, 309, 333, 359, 386, 416, 437, 470, 491, 525, 548, 572, 595]","[182611.74980103425, 1993.3297957415925, 52844.823158942345, 6916.3662392076, 28914.03043092375, 139030.3215526903, 17065.192908745652, 11090.921253164961, 28204.912297066883, 51592.39759565371, 5460.2633847307125, 11938.311875299438, 16168.120584631673, 64267.91515515291, 14784.201910708114, 22121.02282652561, 28735.401071468223, 1961.2405820673594, 8411.865448199838, 135547.16219249726]","[0, 57, 82, 119, 159, 182, 239, 262, 289, 316, 356, 370, 370, 370, 454, 479, 479, 479, 182, 182]","[182, 182, 182, 182, 182, 370, 370, 370, 316, 370, 370, 395, 425, 479, 479, 504, 533, 550, 578, 615]",0.05,30,7455256591655.582,277654.9580612104,-277654.9580612104,,,,,,,,,,,,,,,,CWT,inu.32000013025053,,,,181290.4164677009,,40537.310836555946,276333.6247278771,40537.310836555946,807909.2167311189,40537.310836555946,,276333.6247278771,0.0,-8.5,,,0.0,-8.5,,,,1717.5739154006928,,,,0.0,0.0,,0.0,-4.0,3.0,0.5022042536852654,0.3836988295733665,0.6507589801438113,0.6431001611738185,0.8591065292096218,0.3563499490465215,0.14830437860867282,0.0,1.0,0.7873736048847143,0.7873736048847143,0.7873573124077671,0.75686652267128,0.5265368448142066,0.5,,0.6451612903225806,0.3666666666666667,0.4049612459306481,0.4049612459306481,0.22448979591836737,2.1583982936507597,1.0,1,1.5733144872543408,0.7121230168407606,5,0,0,0.5993123445359662,1.0,1,0,0.0,0.44294038518013473,0.7420057234502128,7,3.0,0.75,3.5,1.7073170731707317,0.7291666666666666,5,fbsp,5.0,5.0,,1,0.45454545454545453,,,2,4.25
smoothed,gaus5,21.85325049357415,0.6862153594437059,727.6943265244087,-33.91283363412068,616,127,49463.629727733234,,False,"[2, 51, 75, 104, 129, 164, 190, 218, 258, 283, 312, 340, 377, 403, 447, 485, 509, 540, 564, 614]","[4099.695738452458, 8779.39445043746, 60587.264781262216, 20353.563405399153, 101148.30768848045, 9194.511539711339, 115339.88044279457, 18802.050976439452, 27110.517468676066, 63383.92179624134, 26072.759637568506, 25101.326599976575, 30355.96609119149, 66231.55765539253, 35344.253616118236, 14748.403880293758, 28353.84204235374, 58718.53112762245, 12795.986664911034, 462.3883279695001]",20,15.065810593239805,595964.1178103365,0.014695745466425214,5.857819659934881e-07,0.05081984244163775,20,40196.64756659573,462.3883279695001,219925.83663970785,"[51, 75, 104, 129, 169, 212, 236, 258, 283, 312, 340, 363, 393, 423, 447, 475, 497, 529, 557, 614]","[8779.39445043746, 60587.264781262216, 20353.563405399153, 219925.83663970785, 9194.511539711339, 18802.050976439452, 9369.141350225926, 27110.517468676066, 130684.54439184355, 26072.759637568506, 43006.748118539464, 12237.265100546087, 30355.96609119149, 18112.301864228946, 94662.69724545226, 18317.767355156957, 14748.403880293758, 28353.84204235374, 12795.986664911034, 462.3883279695001]","[2, 2, 2, 2, 164, 190, 190, 190, 190, 300, 323, 346, 377, 403, 403, 467, 485, 509, 540, 2]","[55, 87, 112, 190, 190, 218, 241, 265, 403, 403, 403, 403, 403, 428, 540, 540, 540, 540, 564, 615]",0.05,30,2646562174442.1704,226975.9196749541,-226975.9196749541,,,,,,,,,,,,,,,,CWT,inu.32000013025053,,,,218604.5033063745,,39250.98089992907,225654.58634162074,39250.98089992907,782182.6179985813,39250.980899929076,,225654.58634162074,0.0,-13.0,,,0.0,-13.0,,,,218.72166130283347,,,,0.0,0.0,,0.0,-13.0,3.0,0.14897246686244722,0.68056681468609,0.5974039131711527,0.8649008833714698,0.5575369183616606,0.08848060215752168,0.06700516385849101,,0.11659082585042276,0.7418122588136015,0.7418122588136015,0.7417924752029212,0.7165612762403043,0.7677597676009605,0.5,,0.06451612903225801,0.06666666666666668,0.3006312162282286,0.3006312162282286,0.040816326530612235,1.7862968988921026,0.8276029980874026,7,1.4693933008927689,0.6650855876776808,8,0,0,0.42496586810065035,0.7090891285239447,8,1,0.125,0.42301668035269047,0.7086298934086956,9,0.816496580927726,0.9319586182560229,8.0,7.937007874015748,0.6326459757946781,6,gaus,6.375,6.5,3.8890872965260117,8,0.5795454545454546,1.0,0.29431818181818176,1,4.75
smoothed,gaus7,21.69939733772795,0.6757464975968913,683.9028535449827,-32.616823074306126,616,127,43465.46049319678,,False,"[2, 51, 72, 104, 129, 164, 190, 218, 258, 283, 312, 341, 377, 403, 423, 447, 475, 510, 541, 565, 614]","[4739.114946061978, 82351.46102228371, 1086.0099860191985, 23068.824623157117, 77292.46055783147, 15033.862688074603, 117906.64101008135, 20775.626900296687, 65649.21876857143, 27414.004902809345, 28741.707941972767, 15037.223174772173, 60070.71935976447, 34269.751062400326, 3972.495532669439, 58131.91525288879, 19816.452584733994, 21446.26107256994, 17500.20471012462, 68433.18842803921, 441.04156457062345]",21,15.139958172683112,513614.2292583251,0.015912244932833428,4.95117003140942e-07,0.029521747197294453,21,41183.499692899386,124.84049029067853,203768.20547726878,"[51, 72, 104, 129, 170, 212, 236, 258, 283, 312, 341, 364, 393, 423, 447, 475, 497, 529, 557, 587, 614]","[203768.20547726878, 1086.0099860191985, 23068.824623157117, 81028.60098518082, 15033.862688074603, 20775.626900296687, 12007.384657814533, 134580.25071436926, 27414.004902809345, 28741.707941972767, 15037.223174772173, 56280.687044816776, 34269.751062400326, 19127.36872521326, 118958.0392249152, 19816.452584733994, 14347.145019516367, 21446.26107256994, 17500.20471012462, 124.84049029067853, 441.04156457062345]","[2, 69, 88, 88, 164, 190, 190, 190, 270, 300, 324, 324, 377, 377, 377, 468, 487, 510, 541, 565, 2]","[190, 88, 112, 190, 190, 218, 241, 565, 565, 377, 346, 377, 403, 428, 565, 565, 565, 565, 565, 588, 615]",0.05,30,1963385054885.694,192966.72093142167,-192966.72093142167,,,,,,,,,,,,,,,,CWT,inu.32000013025053,,,,202446.87214393544,,40237.83302623272,191645.38759808833,40237.83302623272,843103.1602175537,40250.23193053906,,191645.38759808833,0.0,-12.5,,,0.0,-12.5,,,,118.8261763759881,,,,0.0,0.0,,0.0,-12.5,2.0,0.09815502905278785,0.7670023120458132,0.6567499904708811,0.8544254838089654,0.48147116188353295,0.03414145032118249,0.04520253071785818,,0.05771338306096534,0.7767662080044585,0.7767662080044585,0.7771883011415706,0.8120040315136184,0.6633061592046192,0.25,,0.09677419354838712,0.1,0.2306184293236046,0.2306184293236046,0.06122448979591838,1.678355014466019,0.7775928193619976,9,1.4695616902522768,0.665161805077106,7,0,0,0.40274831941010036,0.6720173930706186,9,1,0.125,0.4133425654715745,0.6924239910993281,10,1.2583057392117916,0.8951411883990174,8.75,8.600682593856655,0.5829872608661754,7,gaus,6.375,6.5,3.8890872965260117,8,0.5795454545454546,1.0,0.29431818181818176,1,5.5
smoothed,mexh,23.31430156014045,0.6094820533796912,1218.861997993555,-41.305459175045925,616,127,133258.7719456118,,False,"[46, 70, 96, 119, 139, 167, 208, 229, 250, 273, 309, 335, 361, 393, 422, 442, 472, 493, 514, 545, 565]","[220003.98869249393, 1386.5546188108274, 28272.145358613925, 813.2790203394252, 475.5126810523507, 12233.735976877018, 13906.683753906327, 74402.6076903445, 8988.624804367515, 5174.444164313638, 15230.849808565836, 11727.796733010444, 19053.34236609007, 2422.8219344601093, 4741.414263298153, 13462.253214585537, 14272.007486437127, 114.98427308446844, 254912.86542068337, 6778.471041844401, 269.14504664816195]",21,15.016272582844218,818623.1829143987,0.011839772945858845,2.6483236283840546e-07,0.14226818242427677,21,33789.57521987105,114.98427308446844,255850.41668814822,"[46, 70, 96, 119, 139, 167, 208, 229, 250, 273, 309, 335, 361, 393, 422, 442, 472, 493, 514, 545, 565]","[220003.98869249393, 1386.5546188108274, 28272.145358613925, 813.2790203394252, 475.5126810523507, 12233.735976877018, 13906.683753906327, 74402.6076903445, 8988.624804367515, 5174.444164313638, 15230.849808565836, 11727.796733010444, 19053.34236609007, 2422.8219344601093, 4741.414263298153, 13462.253214585537, 14272.007486437127, 114.98427308446844, 255850.41668814822, 6778.471041844401, 269.14504664816195]","[0, 68, 82, 118, 138, 161, 182, 182, 238, 263, 289, 316, 316, 316, 316, 316, 0, 0, 0, 534, 562]","[316, 82, 316, 316, 316, 182, 214, 316, 316, 316, 316, 344, 368, 395, 424, 452, 478, 494, 615, 615, 615]",0.05,30,14638470450041.64,255495.69418730808,-255495.69418730808,0.4983766233766234,82406400.07267125,0.01687678587380133,0.055326014894026686,191351451.69028786,25276542769932.246,49.0,13064044.604227245,0.00487012987012987,"[0.0, 0.0016233766233766235, 0.003246753246753247, 0.00487012987012987, 0.006493506493506494, 0.008116883116883118, 0.00974025974025974, 0.011363636363636364, 0.012987012987012988, 0.014610389610389612, 0.016233766233766236, 0.01785714285714286, 0.01948051948051948, 0.021103896103896104, 0.022727272727272728, 0.024350649350649352, 0.025974025974025976, 0.0275974025974026, 0.029220779220779224, 0.030844155844155847, 0.03246753246753247, 0.034090909090909095, 0.03571428571428572, 0.03733766233766234, 0.03896103896103896, 0.040584415584415584, 0.04220779220779221, 0.04383116883116883, 0.045454545454545456, 0.04707792207792208, 0.048701298701298704, 0.05032467532467533, 0.05194805194805195, 0.053571428571428575, 0.0551948051948052, 0.05681818181818182, 0.05844155844155845, 0.06006493506493507, 0.061688311688311695, 0.06331168831168832, 0.06493506493506494, 0.06655844155844157, 0.06818181818181819, 0.06980519480519481, 0.07142857142857144, 0.07305194805194806, 0.07467532467532469, 0.07629870129870131, 0.07792207792207792, 0.07954545454545454, 0.08116883116883117, 0.08279220779220779, 0.08441558441558442, 0.08603896103896104, 0.08766233766233766, 0.08928571428571429, 0.09090909090909091, 0.09253246753246754, 0.09415584415584416, 0.09577922077922078, 0.09740259740259741, 0.09902597402597403, 0.10064935064935066, 0.10227272727272728, 0.1038961038961039, 0.10551948051948053, 0.10714285714285715, 0.10876623376623377, 0.1103896103896104, 0.11201298701298702, 0.11363636363636365, 0.11525974025974027, 0.1168831168831169, 0.11850649350649352, 0.12012987012987014, 0.12175324675324677, 0.12337662337662339, 0.125, 0.12662337662337664, 0.12824675324675325, 0.12987012987012989, 0.1314935064935065, 0.13311688311688313, 0.13474025974025974, 0.13636363636363638, 0.137987012987013, 0.13961038961038963, 0.14123376623376624, 0.14285714285714288, 0.1444805194805195, 0.14610389610389612, 0.14772727272727273, 0.14935064935064937, 0.15097402597402598, 0.15259740259740262, 0.15422077922077923, 0.15584415584415584, 0.15746753246753248, 0.1590909090909091, 0.16071428571428573, 0.16233766233766234, 0.16396103896103897, 0.16558441558441558, 0.16720779220779222, 0.16883116883116883, 0.17045454545454547, 0.17207792207792208, 0.17370129870129872, 0.17532467532467533, 0.17694805194805197, 0.17857142857142858, 0.1801948051948052, 0.18181818181818182, 0.18344155844155846, 0.18506493506493507, 0.1866883116883117, 0.18831168831168832, 0.18993506493506496, 0.19155844155844157, 0.1931818181818182, 0.19480519480519481, 0.19642857142857145, 0.19805194805194806, 0.1996753246753247, 0.2012987012987013, 0.20292207792207795, 0.20454545454545456, 0.2061688311688312, 0.2077922077922078, 0.20941558441558442, 0.21103896103896105, 0.21266233766233766, 0.2142857142857143, 0.2159090909090909, 0.21753246753246755, 0.21915584415584416, 0.2207792207792208, 0.2224025974025974, 0.22402597402597405, 0.22564935064935066, 0.2272727272727273, 0.2288961038961039, 0.23051948051948054, 0.23214285714285715, 0.2337662337662338, 0.2353896103896104, 0.23701298701298704, 0.23863636363636365, 0.24025974025974028, 0.2418831168831169, 0.24350649350649353, 0.24512987012987014, 0.24675324675324678, 0.2483766233766234]","[82406400.07267125, 24490458.470227852, 12587638.389421873, 13064044.604227245, 9416571.724095302, 3922922.317446876, 4318072.951029055, 3887751.1828706744, 3977669.288972125, 2139559.5338848983, 2534338.317549526, 1084040.0957866944, 902001.8754057251, 1144734.68365409, 940751.4304921862, 1094735.7821292602, 1063166.0257841353, 1308043.6840656206, 65974.01030547019, 500009.4776910499, 792865.6742617926, 718902.6404043719, 719572.3025492921, 2570180.0606763517, 415288.2588308911, 215096.3573456182, 230970.3184168616, 422645.24849832756, 584484.4325201124, 116238.0219827199, 197553.35365183814, 501084.7640833086, 150813.66504366248, 391693.9417249684, 217351.41872297108, 181876.8688885726, 79584.4822009153, 274285.834478925, 225812.45161921743, 58548.544809583494, 29309.632577376735, 82201.63329558216, 148415.85933561553, 259886.45418881922, 122899.12498330607, 592453.6380237811, 433780.6695068861, 307394.90936858853, 48659.322592293145, 142517.98807167143, 147377.69138812996, 93212.88024539006, 201616.6015004518, 94216.9041269291, 139286.37868989987, 32073.811907397027, 152518.6455138938, 191875.69080667556, 138674.39513713616, 189646.8726708475, 34593.68954060251, 73702.1428849293, 110810.3887450286, 53561.5808429961, 178810.7124817368, 57180.2429264164, 148879.20725639802, 49152.81464399224, 295891.0118738741, 165158.53370915976, 48970.573628791484, 52965.53258076877, 170942.29384867963, 72286.01585654794, 40290.217234674004, 54674.96886571191, 67924.11666899046, 70232.07680054056, 90963.28555220664, 58017.1352634652, 73211.81152853573, 76191.20622743241, 109120.73399480396, 57235.30375390904, 46215.179543705104, 74641.1732241648, 13803.324622919787, 22536.033213093902, 44295.0591549486, 62286.022749473676, 60395.33243744059, 53635.86934309036, 61993.2641513648, 25356.368349319786, 55642.1788229391, 64789.03798284195, 18700.791461029643, 35678.56109868864, 65173.13523206933, 26092.297117615133, 59626.496038968944, 25401.228412150485, 20459.493483293012, 22776.931147728952, 36871.06287957612, 7936.119420294827, 27079.834780222303, 50908.46107230624, 24588.393242882656, 46753.52631651164, 35206.88397802654, 40410.29723021724, 57120.42055583461, 50132.46572493211, 10926.735598466023, 35172.3620436546, 49701.04489458157, 39905.72728764855, 56811.50390300249, 31381.757565608335, 45517.99694949866, 34962.94890151209, 16303.409960544124, 17710.24397395957, 22454.542720725338, 32214.07242412269, 58419.54792596682, 25440.157027657304, 7638.950909379176, 37646.04534793305, 37580.12837592309, 14625.961741296476, 19164.049342507897, 28906.461245898525, 3256.246564042397, 36090.33017212339, 14045.660023284181, 56928.66690245472, 7051.571365359178, 11015.53063591218, 34691.545820815154, 22441.661683998147, 23076.147958984595, 37511.38732550241, 44159.93937215925, 30445.907882366744, 17861.24234856567, 7114.946531126245, 21077.483657697238, 42144.57133189335, 7592.284070076701, 45662.52338520398, 31499.37503257117, 30118.82360934861]",3.0,0.5,42911.8252455605,15.0,CWT,inu.32000013025053,,82001831.07267125,0.03246753246753247,254529.08335481488,25275981499468.83,32843.90855320438,254174.36085397474,32843.90855320438,687830.7462839585,32873.33829603324,0.0,254174.36085397474,0.0,-3.5,12991508.00947296,0.2,0.0,1.0,0.0,1.0,0.0,128.6823935821982,42670.15857889384,0.08448087644202186,0.0616346803901655,0.0,0.0,189512411.93083778,0.0,-2.0,2.0,0.8588981561694924,0.18752664569587935,0.5577547888668448,0.9643794648755429,0.0,0.32179842586373303,0.12595550364958932,,0.063522543155679,0.5148760489192222,0.5148760489192222,0.5158813471767555,0.5687424572733027,0.9999999999999999,0.25,,0.7741935483870968,1.0,0.35934324030615816,0.35934324030615816,0.4285714285714286,1.7739889617633737,0.8219006505804876,8,1.310354132944898,0.5931003279013412,11,0,0,0.5291124919179184,0.8828659992438469,5,1,0.125,0.4246518550172974,0.7113691084375662,8,2.449489742783178,0.7958758547680685,8.0,7.394957983193278,0.564604594050701,8,mexh,8.0,8.0,,1,0.7272727272727273,,,3,6.75
smoothed,gaus2,22.626650763054453,0.6415916760404949,813.4790511722387,-38.27419962967693,616,127,88318.93904940331,,False,"[40, 96, 119, 159, 182, 209, 230, 251, 272, 296, 317, 344, 370, 391, 416, 440, 471, 495, 524, 549, 571, 592]","[226922.8749009767, 33870.07104468881, 1093.193987693492, 18787.50415015228, 52992.68606936208, 13987.366664576635, 80976.91630744425, 14760.61211367308, 6835.885326649408, 873.6210957109943, 38322.159621624414, 7701.8922172467155, 48193.77309180219, 5904.142577834613, 222.7609520923288, 28102.524062862474, 20520.255604100632, 11089.304666856755, 23869.06403657733, 254.01870160136605, 171544.9334684103, 3177.7410382769303]",22,14.874973941380173,679094.0327028532,0.012666969336455596,8.475294617748515e-07,0.162471349037466,20,39620.88706056653,222.7609520923288,226922.8749009767,"[40, 96, 119, 167, 209, 230, 251, 272, 308, 333, 360, 391, 416, 440, 471, 495, 524, 549, 571, 592]","[226922.8749009767, 33870.07104468881, 1093.193987693492, 18787.50415015228, 13987.366664576635, 131537.32563966647, 14760.61211367308, 6835.885326649408, 15402.216954736878, 41565.83878620118, 4739.365861458347, 5904.142577834613, 222.7609520923288, 28102.524062862474, 20520.255604100632, 11089.304666856755, 23869.06403657733, 254.01870160136605, 189775.67414065497, 3177.7410382769303]","[0, 82, 117, 159, 182, 182, 239, 263, 289, 317, 355, 370, 182, 182, 182, 182, 182, 182, 182, 588]","[182, 182, 182, 182, 214, 370, 370, 370, 317, 370, 370, 395, 417, 452, 478, 500, 533, 551, 615, 615]",0.05,30,7296263176927.637,229302.25553550295,-229302.25553550295,0.4983766233766234,48385022.88698467,0.018099005716389477,0.04778288561104263,152992275.1926663,10850028179244.861,52.0,13056101.382616913,0.00487012987012987,"[0.0, 0.0016233766233766235, 0.003246753246753247, 0.00487012987012987, 0.006493506493506494, 0.008116883116883118, 0.00974025974025974, 0.011363636363636364, 0.012987012987012988, 0.014610389610389612, 0.016233766233766236, 0.01785714285714286, 0.01948051948051948, 0.021103896103896104, 0.022727272727272728, 0.024350649350649352, 0.025974025974025976, 0.0275974025974026, 0.029220779220779224, 0.030844155844155847, 0.03246753246753247, 0.034090909090909095, 0.03571428571428572, 0.03733766233766234, 0.03896103896103896, 0.040584415584415584, 0.04220779220779221, 0.04383116883116883, 0.045454545454545456, 0.04707792207792208, 0.048701298701298704, 0.05032467532467533, 0.05194805194805195, 0.053571428571428575, 0.0551948051948052, 0.05681818181818182, 0.05844155844155845, 0.06006493506493507, 0.061688311688311695, 0.06331168831168832, 0.06493506493506494, 0.06655844155844157, 0.06818181818181819, 0.06980519480519481, 0.07142857142857144, 0.07305194805194806, 0.07467532467532469, 0.07629870129870131, 0.07792207792207792, 0.07954545454545454, 0.08116883116883117, 0.08279220779220779, 0.08441558441558442, 0.08603896103896104, 0.08766233766233766, 0.08928571428571429, 0.09090909090909091, 0.09253246753246754, 0.09415584415584416, 0.09577922077922078, 0.09740259740259741, 0.09902597402597403, 0.10064935064935066, 0.10227272727272728, 0.1038961038961039, 0.10551948051948053, 0.10714285714285715, 0.10876623376623377, 0.1103896103896104, 0.11201298701298702, 0.11363636363636365, 0.11525974025974027, 0.1168831168831169, 0.11850649350649352, 0.12012987012987014, 0.12175324675324677, 0.12337662337662339, 0.125, 0.12662337662337664, 0.12824675324675325, 0.12987012987012989, 0.1314935064935065, 0.13311688311688313, 0.13474025974025974, 0.13636363636363638, 0.137987012987013, 0.13961038961038963, 0.14123376623376624, 0.14285714285714288, 0.1444805194805195, 0.14610389610389612, 0.14772727272727273, 0.14935064935064937, 0.15097402597402598, 0.15259740259740262, 0.15422077922077923, 0.15584415584415584, 0.15746753246753248, 0.1590909090909091, 0.16071428571428573, 0.16233766233766234, 0.16396103896103897, 0.16558441558441558, 0.16720779220779222, 0.16883116883116883, 0.17045454545454547, 0.17207792207792208, 0.17370129870129872, 0.17532467532467533, 0.17694805194805197, 0.17857142857142858, 0.1801948051948052, 0.18181818181818182, 0.18344155844155846, 0.18506493506493507, 0.1866883116883117, 0.18831168831168832, 0.18993506493506496, 0.19155844155844157, 0.1931818181818182, 0.19480519480519481, 0.19642857142857145, 0.19805194805194806, 0.1996753246753247, 0.2012987012987013, 0.20292207792207795, 0.20454545454545456, 0.2061688311688312, 0.2077922077922078, 0.20941558441558442, 0.21103896103896105, 0.21266233766233766, 0.2142857142857143, 0.2159090909090909, 0.21753246753246755, 0.21915584415584416, 0.2207792207792208, 0.2224025974025974, 0.22402597402597405, 0.22564935064935066, 0.2272727272727273, 0.2288961038961039, 0.23051948051948054, 0.23214285714285715, 0.2337662337662338, 0.2353896103896104, 0.23701298701298704, 0.23863636363636365, 0.24025974025974028, 0.2418831168831169, 0.24350649350649353, 0.24512987012987014, 0.24675324675324678, 0.2483766233766234]","[48385022.88698467, 26249280.310058035, 1052673.445098675, 13056101.382616913, 9464990.654301042, 3541353.633166048, 5125249.1152764205, 4407305.249619977, 4764122.315359862, 2385150.2807083814, 3081805.7344365697, 1245479.5188779065, 955639.7249409136, 1300662.6053078058, 1151346.5680267366, 1292968.639216947, 1262832.1758976895, 1655346.3487977295, 155674.7823581256, 576903.2767886283, 966821.1244226706, 868668.5507255471, 936108.0202923637, 3410064.3452827786, 663397.8742304064, 202553.9801051443, 230074.77891540667, 499020.51665829227, 744064.3488434129, 217557.39575070466, 201350.1201856934, 673428.153403288, 208748.77938062692, 478225.5147712388, 252908.95273833285, 271601.691415931, 64604.05073140177, 359378.7099925479, 257603.86738391602, 61880.05763925097, 10033.107525910842, 91132.8167191983, 156675.80429145703, 338040.5685161947, 182061.14459084047, 731386.9743718791, 562922.2193696199, 407497.7305565045, 88978.0779782478, 167182.81082254613, 156948.2814728367, 91712.78153340188, 235100.1797168751, 79230.31839210911, 176700.75681140678, 20027.5724304966, 129490.7210141594, 194982.4073018991, 141972.5446206362, 190433.97765382958, 45801.13415924827, 106868.70509710725, 124596.46981981058, 71116.28744129979, 181818.81617322005, 57724.54227467724, 178571.82365359488, 64409.498239533685, 255069.40635071835, 174611.18096712278, 35513.5539202304, 54309.18452715027, 124127.76502875653, 64069.13200056764, 45495.92024377663, 61442.5289674885, 50024.5845400137, 64334.2642432733, 79838.21823314752, 44145.87788825651, 71001.14476458884, 87089.28887819995, 77559.67932523064, 91553.35447008502, 59498.27216029792, 84783.47610962474, 20590.459143789718, 27810.124119205622, 47641.0769178281, 58852.59778437296, 65918.1206905385, 65821.26301049397, 73536.62069722175, 17398.532949232045, 67650.72784982726, 55924.8079576945, 33305.7478932988, 33996.55171101871, 76557.91988169262, 8216.709710269819, 58449.93986091113, 21773.308798068916, 26759.0860283073, 25579.47380942014, 31187.070436277183, 6374.760519001507, 28030.19327863205, 47499.0204087441, 18562.402775595383, 54006.7427712161, 73398.31578722919, 79075.61399304519, 49806.425766892775, 42001.89148908083, 11485.831903048997, 34814.880730134486, 38073.99452104137, 49078.88902106065, 57656.43361117941, 10576.424819247271, 24938.510266448895, 33489.38055809447, 9206.677576846094, 15162.299036760325, 20746.685559928817, 31839.903131202398, 36087.09387693523, 13203.439497988868, 16754.13522944433, 22296.03441871081, 28325.804830869543, 13642.465387662653, 16674.07510972859, 15381.727159652859, 9068.02086203334, 27879.268183525975, 15637.114587775006, 23370.73092447484, 16250.476507232343, 16414.55743341121, 18792.806252092323, 17729.430605257843, 16230.383791809312, 17575.98559439058, 12638.23344596575, 15046.44358822585, 20456.9548699884, 17109.700388039615, 15715.239317876361, 18194.296344971008, 10430.596799813706, 22800.57900299173, 17800.90629546952, 14727.412358449435]",3.0,0.5,0.0,5.0,CWT,inu.32000013025053,,47980453.88698467,0.03246753246753247,225601.54156764335,10849466908781.441,38675.220393899865,227980.9222021696,38675.220393899865,770667.4078779973,38691.30764592181,0.0,227980.9222021696,0.0,0.5,12983564.787862629,0.2,0.0,-13.0,0.0,2.0,10.0,20.90571457433782,241.66666666666666,0.08325865659943371,0.06917780967314956,0.0,0.0,151153235.4332162,0.0,-4.0,3.0,0.4781607888024232,0.3896919941540493,0.44466249156422916,0.9175593862146195,0.23330547041887237,0.3733440183486068,0.08901431371020992,,0.0,0.7214190277129832,0.7214190277129832,0.7219675298443302,0.6985206721775681,0.8129932481235143,0.5,,0.6451612903225806,0.06666666666666668,0.3054203104406927,0.3054203104406927,0.5918367346938775,1.9169169025456072,0.8881200972890384,4,1.3366398930136567,0.6049979458993701,10,0,0,0.5075687348446574,0.8469185383418996,7,1,0.125,0.41171263760185867,0.6896935654063799,11,3.1622776601683795,0.736476861652635,8.0,6.852057842046718,0.5349050974929842,9,gaus,6.375,6.5,3.8890872965260117,8,0.5795454545454546,1.0,0.29431818181818176,1,7.0
smoothed,gaus3,22.22051078329065,0.6791338582677166,775.1850856012794,-36.112972280537726,616,127,60214.92700574934,,False,"[2, 51, 76, 104, 129, 169, 191, 218, 258, 283, 312, 340, 378, 403, 428, 457, 485, 507, 538, 558, 614]","[3325.6667905841605, 2429.0668958711067, 39291.4315785105, 12815.296528802559, 124045.22350860882, 5717.047228611482, 82994.16449107994, 17668.858344622924, 24468.392757012196, 62847.05231812229, 19951.708951870423, 13954.946789371717, 20601.411253625884, 97498.83304193348, 16355.084809055945, 22776.710212262115, 34112.085444617944, 22675.415401863484, 13714.556169924672, 4364.857118774897, 719.9426084799925]",21,14.809119378334934,845491.0968597034,0.018725927408201733,7.528394642172456e-07,0.07028897486181528,20,34427.79863554972,719.9426084799925,225095.8724718059,"[51, 76, 104, 129, 169, 212, 236, 258, 283, 312, 340, 363, 392, 423, 447, 475, 497, 530, 558, 614]","[2429.0668958711067, 39291.4315785105, 12815.296528802559, 225095.8724718059, 5717.047228611482, 17668.858344622924, 8569.711618405581, 24468.392757012196, 147684.2278672217, 19951.708951870423, 30918.846383519453, 8434.663663009247, 20601.411253625884, 16355.084809055945, 34112.085444617944, 22776.710212262115, 22675.415401863484, 23905.34157305104, 4364.857118774897, 719.9426084799925]","[2, 2, 2, 2, 164, 191, 191, 191, 191, 300, 324, 358, 378, 403, 403, 457, 485, 403, 403, 2]","[55, 87, 112, 403, 191, 218, 241, 265, 403, 403, 403, 403, 403, 428, 485, 485, 507, 538, 563, 615]",0.05,30,4393165028947.427,287066.86976496194,-287066.86976496194,,,,,,,,,,,,,,,,CWT,inu.32000013025053,,,,223774.53913847255,,33482.131968883055,285745.5364316286,33482.131968883055,666805.639377661,33482.131968883055,,285745.5364316286,0.0,-13.0,,,0.0,-13.0,,,,476.27594181332586,,,,0.0,0.0,,0.0,-13.0,3.0,0.24005915672323538,0.5338318388610346,0.39195396057286,0.8899065340977199,0.5060834029906194,0.13815340766264328,0.13306894704706995,,0.2683908539201725,0.5374816939286786,0.5374816939286786,0.5374462535082394,0.5358029255495014,0.8011822967311218,0.5,,0.06451612903225801,0.06666666666666668,0.42433700874850067,0.42433700874850067,0.040816326530612235,1.6237491081014575,0.7522935469685784,10,1.3441694007490141,0.6084059967418853,9,0,0,0.39487157144107754,0.6588744167230821,10,1,0.125,0.3984724639935975,0.6675138660032449,12,1.2583057392117916,0.8951411883990174,10.25,10.140845070422536,0.5204872608661754,10,gaus,6.375,6.5,3.8890872965260117,8,0.5795454545454546,1.0,0.29431818181818176,1,7.75
smoothed,shan,9.150371753065782,0.7471111565599755,718.4189025865018,-29.123264603250085,616,127,32954.743521049284,-1440658.3371288914,True,"[2, 50, 84, 121, 155, 189, 232, 258, 289, 309, 332, 370, 403, 447, 479, 532, 560, 581, 614]","[4597.052301758129, 24178.671434775482, 46741.120006706245, 28551.962050760285, 17886.95239661804, 47488.845604824965, 25542.796394829562, 34889.792245807315, 31396.921128355185, 436.7782146402824, 18093.13799833259, 53386.44810629683, 29704.926723704368, 26351.74185404749, 12160.846632308137, 24742.660425517308, 231.28603737222875, 4582.915857493266, 756.0885814078356]",19,15.568818149761881,368416.0052427123,0.024876561935112933,5.443009027690804e-07,0.3139158408311682,22,33032.29350220812,209.15655460591188,101163.26503772225,"[12, 35, 58, 100, 122, 147, 208, 228, 252, 277, 309, 333, 359, 386, 413, 437, 470, 491, 516, 544, 576, 599]","[68191.4640523138, 17343.64630827827, 1612.5527207946543, 21038.227549993266, 101163.26503772225, 209.15655460591188, 28115.637151209838, 66058.90562154772, 17015.55371951984, 28282.431045634283, 33290.31840660851, 93085.89393060486, 232.9182572709704, 24037.014789074205, 24118.918506700964, 56932.18904084201, 230.54253264621366, 21836.846575232776, 38805.16966408219, 16750.59689808316, 1321.5248480453702, 67037.68383776768]","[0, 26, 56, 79, 79, 145, 182, 182, 239, 262, 289, 182, 356, 370, 370, 370, 452, 452, 452, 534, 534, 79]","[79, 79, 79, 106, 370, 182, 215, 289, 289, 289, 316, 370, 370, 398, 425, 534, 471, 504, 534, 560, 578, 615]",0.05,30,904813435393.7822,80942.21307299002,-80942.21307299002,,,,,,,,,,,,,,,,CWT,inu.32000013025053,,,,99841.93170438892,,32086.626835541454,79620.8797396567,32086.626835541454,704960.1237152453,32121.097722534745,,79620.8797396567,0.0,1.5,,,0.0,-12.0,,,,34.51011206075475,,,,0.0,0.0,,0.0,1.5,1.0,0.009106573568801457,1.0,1.0,0.0,1.0000000000000002,0.7597337466291627,0.006760419058114989,1.0,0.00801830168078295,0.4880534014558167,0.4880534014558167,0.4892352136348281,0.5955786428785153,0.0,0.0,,1.0,0.13333333333333336,0.0,0.0,0.6326530612244898,0.9796613624856623,0.45388349563075436,11,2.2093296383455514,1.0,1,0,0,0.3195771129719652,0.5332396635670945,11,0,0.0,0.5969500924070099,1.0,1,5.773502691896258,0.5188747756753118,6.0,1.8333333333333335,0.5094373878376559,11,shan,11.0,11.0,,1,1.0,,,5,9.5
smoothed,gaus1,23.83746363230087,0.6384727477247162,917.7474026709381,-44.11722656798409,616,127,149913.5419434735,,False,"[2, 85, 108, 137, 164, 190, 218, 241, 265, 300, 324, 346, 377, 402, 427, 449, 476, 504, 531, 614]","[2410.3937196366023, 11769.095460961078, 2293.91658430353, 6224.436799983108, 8943.389662348272, 107266.17941460067, 11019.831458752058, 5474.839370677713, 14844.566542540448, 18765.462770220765, 28376.987542111154, 6703.357928314723, 78068.11825606888, 17013.635604362607, 7382.947050677727, 6410.885616146719, 8419.359421322384, 569.41142527794, 4293.357575059927, 1048.5748681626283]",20,14.319408200241144,4119943.0922887074,0.023534688382782606,1.1238767202277923e-06,0.016140090764551186,18,19253.119814378173,284.7777155372023,107266.17941460067,"[77, 105, 130, 154, 212, 237, 258, 283, 312, 340, 364, 393, 423, 449, 476, 504, 531, 614]","[11769.095460961078, 2293.91658430353, 107266.17941460067, 284.7777155372023, 11019.831458752058, 5474.839370677713, 17462.353499455774, 89912.96039660434, 18765.462770220765, 28376.987542111154, 8791.580884572893, 17013.635604362607, 7382.947050677727, 6410.885616146719, 8419.359421322384, 569.41142527794, 4293.357575059927, 1048.5748681626283]","[2, 2, 2, 151, 190, 190, 2, 2, 300, 324, 358, 377, 377, 2, 2, 2, 2, 2]","[85, 108, 190, 190, 218, 241, 265, 377, 377, 377, 377, 402, 427, 455, 481, 505, 536, 615]",0.05,30,27752661828508.32,566699.176152634,-566699.176152634,,,,,,,,,,,,,,,,CWT,inu.32000013025053,,,,105944.84608126734,,18307.453147711505,565377.8428193006,18307.453147711505,324805.8233254738,18309.61632688533,,565377.8428193006,0.0,-14.0,,,0.0,-14.0,,,,41.11104887053568,,,,0.0,0.0,,0.0,-14.0,5.0,0.9999999999999999,0.0,0.0,1.0,0.21064363332404523,0.0,1.0,,0.011908830663742584,0.0,0.0,0.0,0.0,0.03945327269759458,1.0,,0.0,0.0,1.0,1.0,0.0,0.82329928554792,0.3814399260645145,12,1.284257453329618,0.5812882926294918,12,0,0,0.25428017528011143,0.4242865637566581,12,1,0.125,0.45241337618914934,0.7578747066860102,5,3.5,0.7083333333333333,10.25,8.88888888888889,0.4270833333333333,12,gaus,6.375,6.5,3.8890872965260117,8,0.5795454545454546,1.0,0.29431818181818176,1,9.25
