signal_type,wavelet,wavelet_energy_entropy,wavelet_sparsity,wavelet_adaptive_threshold,wavelet_psnr,signal_length,scales_used,emd_value,kl_divergence,is_complex,wavelet_entropy,avg_variance_across_levels,variance_ratio_across_levels,smoothness,correlation,dynamic_cutoff,dominant_frequency,amplitude_max,num_fft_peaks,positive_frequencies,positive_amplitudes,relative_num_peaks,avg_prominence,prominence_min,prominence_max,relative_peaks,relative_prominences,relative_left_bases,relative_right_bases,max_autocorrelation,upper_envelope,lower_envelope,spectral_magnitude,spectral_centroid,spectral_bandwidth,frequency_max,wavelet_type,htid,max_autocorrelation_diff,frequency_max_diff,relative_right_bases_array_alignment_score,relative_right_bases_global_alignment_score,relative_num_peaks_diff,relative_peaks_array_alignment_score,relative_peaks_global_alignment_score,spectral_centroid_diff,lower_envelope_diff,relative_prominences_avg_diff,relative_prominences_total_diff,relative_prominences_wasserstein,spectral_bandwidth_diff,spectral_magnitude_diff,avg_prominence_diff,num_fft_peaks_diff,amplitude_max_diff,prominence_min_diff,relative_left_bases_array_alignment_score,relative_left_bases_global_alignment_score,prominence_max_diff,upper_envelope_diff,dominant_frequency_diff,dynamic_cutoff_diff,emd_value_normalized,wavelet_psnr_normalized,wavelet_entropy_normalized,wavelet_energy_entropy_normalized,wavelet_sparsity_normalized,correlation_normalized,avg_variance_across_levels_normalized,kl_divergence_normalized,prominence_min_diff_normalized,avg_prominence_diff_normalized,relative_prominences_avg_diff_normalized,relative_prominences_wasserstein_normalized,spectral_centroid_diff_normalized,dynamic_cutoff_diff_normalized,relative_prominences_total_diff_normalized,prominence_max_diff_normalized,amplitude_max_diff_normalized,frequency_max_diff_normalized,spectral_bandwidth_diff_normalized,num_fft_peaks_diff_normalized,relative_num_peaks_diff_normalized,dominant_frequency_diff_normalized,max_autocorrelation_diff_normalized,relative_right_bases_global_alignment_score_normalized,relative_left_bases_global_alignment_score_normalized,upper_envelope_diff_normalized,lower_envelope_diff_normalized,relative_peaks_global_alignment_score_normalized,reconstruction_weighted_score,reconstruction_normalized_weighted_score,reconstruction_normalized_weighted_rank,signal_weighted_score,signal_normalized_weighted_score,signal_normalized_weighted_rank,reconstruction_missing_metrics_count,reconstruction_dynamically_weighted_score,reconstruction_normalized_dynamically_weighted_score,reconstruction_normalized_dynamically_weighted_rank,signal_missing_metrics_count,signal_dynamically_weighted_score,signal_normalized_dynamically_weighted_score,signal_normalized_dynamically_weighted_rank,rank_variability,normalized_rank_stability,average_rank,harmonic_average_rank,stability_score_weighted,stability_rank,wavelet_family,normalized_family_mean_rank,normalized_family_std_dev,final_family_stability_score,final_family_stability_rank,family_informed_rank,smoothness_normalized,across_emd_value_normalized,across_smoothness_normalized,across_wavelet_psnr_normalized,across_wavelet_entropy_normalized,across_wavelet_energy_entropy_normalized,across_wavelet_sparsity_normalized,across_correlation_normalized,across_avg_variance_across_levels_normalized,across_kl_divergence_normalized,across_prominence_min_diff_normalized,across_avg_prominence_diff_normalized,across_relative_prominences_avg_diff_normalized,across_relative_prominences_wasserstein_normalized,across_spectral_centroid_diff_normalized,across_dynamic_cutoff_diff_normalized,across_relative_prominences_total_diff_normalized,across_prominence_max_diff_normalized,across_amplitude_max_diff_normalized,across_frequency_max_diff_normalized,across_spectral_bandwidth_diff_normalized,across_num_fft_peaks_diff_normalized,across_relative_num_peaks_diff_normalized,across_dominant_frequency_diff_normalized,across_max_autocorrelation_diff_normalized,across_relative_right_bases_global_alignment_score_normalized,across_relative_left_bases_global_alignment_score_normalized,across_upper_envelope_diff_normalized,across_lower_envelope_diff_normalized,across_relative_peaks_global_alignment_score_normalized,across_reconstruction_weighted_score,across_reconstruction_normalized_weighted_score,across_reconstruction_normalized_weighted_rank,across_signal_weighted_score,across_signal_normalized_weighted_score,across_signal_normalized_weighted_rank,across_rank_variability,across_normalized_rank_stability,across_average_rank,across_harmonic_average_rank,across_stability_score_weighted,across_stability_rank,family_mean_stability_rank,family_median_stability_rank,family_rank_std_dev,family_wavelet_count,across_normalized_family_mean_rank,across_normalized_family_std_dev,across_final_family_stability_score,across_final_family_stability_rank,across_family_informed_rank
smoothed,gaus4,984473071.4935468,0.6530166170700235,322.0757464013021,-37.63572384231094,598,127,30408.40959616468,,False,14.701457738609031,172393.61767121425,0.017617829714013777,8.49539734556446e-06,0.34486971629034635,0.0,,,,[],[],10,33405.834252715926,4228.408072291131,95793.04142990548,"[25, 56, 138, 169, 227, 270, 358, 433, 527, 564]","[91150.78126569328, 8997.027512878441, 4228.408072291131, 23633.65886716967, 4450.221604511507, 11271.564103647424, 56443.967909557454, 13191.244667817657, 95793.04142990548, 24898.427093687234]","[0, 50, 121, 150, 201, 201, 201, 401, 401, 548]","[401, 401, 150, 201, 251, 299, 401, 449, 597, 597]",940065427618.3385,90131.36218098816,-90131.36218098816,0.0,,,,CWT,txu.059172014718829,940009751641.4985,,0.0,-51.5,60.0,0.0,-56.0,,89612.56218098816,33259.434252715924,323810.34252715926,33259.43425271593,,0.0,33259.434252715924,,,4223.408072291131,0.0,-56.0,95274.24142990548,89612.56218098816,,301.9,0.34613565775927885,0.5275629315656584,0.699013237985215,0.16630019420394918,0.7575166585405491,0.7425535350289673,0.14967856059274476,,0.0,0.08651671052435932,0.08651671052435932,0.08651671052435941,,0.002696232074480231,0.8792592795321409,0.5811226739759863,,,,,0.125,,0.1459800439470188,0.8292682926829269,0.78125,0.15299380372413546,0.15299380372413546,0.5681818181818181,1.2682798686310468,0.3546078686265365,5,1.7357033509426185,0.9135280794434835,3,0,0.31987829138683727,0.443144306161512,4,0.0,0.5164153790078592,0.989397197702963,2,1.2909944487358056,0.8709005551264195,3.5,3.116883116883117,0.7604502775632098,1,gaus,0.8035714285714286,1.0,0.13749999999999996,1,1.0,0.742562256386511,0.3411529938764107,0.7667295505180729,0.43410525296926217,0.7029690173508807,0.16507522777234643,0.7374317724791734,0.7425535350289671,0.14873123384883988,,0.035720451383555174,0.08651671052435933,0.08651671052435933,0.08651671052435941,,0.0026400970523847087,0.8902993524066962,0.5874409737027451,,,,,0.040000000000000036,,0.1459800439470188,0.9054054054054054,0.8833333333333333,0.14943380299186224,0.14943380299186224,0.7532467532467533,1.3070581541613817,0.3924699011969731,9,1.6783366542043083,0.9310808120423181,5,2.8284271247461903,0.8585786437626906,7.0,6.428571428571429,0.7542893218813453,1,10.5,10.5,5.21536192416212,16,0.5675675675675675,1.0,0.3027027027027027,2,1.25
smoothed,mexh,2992314812.34913,0.591644062886788,505.2497270190955,-43.33412962845313,598,127,62353.521033833014,,False,14.931630711496192,216975.13839454015,0.01159043763443069,1.8169603568987777e-06,0.2367120187554131,50596.977681353645,,,,[],[],3,96404.01286194108,28916.843909919076,133761.71495289396,"[63, 362, 522]","[126533.47972301023, 28916.843909919076, 133761.71495289396]","[0, 299, 299]","[597, 399, 597]",3491028673873.573,139348.02807074794,-139348.02807074794,0.0,,,,CWT,txu.059172014718829,3490972997896.7334,,0.0,-68.5,67.0,0.0,-59.5,,138829.22807074795,96257.61286194109,278964.03858582326,96257.6128619411,,0.0,96257.61286194109,,,28911.843909919076,0.0,-59.5,133242.91495289397,138829.22807074795,,50295.07768135364,1.0,0.12736936271196253,0.9339373562036164,0.6849022554966551,0.0,0.5729561206665136,0.21244660718054997,,1.0,1.0,1.0,1.0,,1.0,0.7226237599264917,1.0,,,,,1.0,,0.6496238910582303,0.0,0.5625,0.38094500948272214,0.38094500948272214,0.4090909090909091,3.5765700111036316,1.0,1,1.5222774717383298,0.8011986693359631,5,0,0.7218377556457913,1.0,1,0.0,0.45073269491665857,0.8635561282477989,7,3.0,0.7,3.5,1.7073170731707317,0.675,3,mexh,0.42857142857142855,,,2,2.75,0.07424985707397086,0.9856048812909839,0.16115582386188265,0.1048059029782854,0.9348055978545837,0.6798572687729265,0.06794024705544399,0.5729561206665135,0.21110201680075885,,0.7608671226446446,1.0,1.0,1.0,,0.9791801964575523,0.7479859897708703,0.9662471091638265,,,,,0.32000000000000006,,0.6496238910582303,0.44594594594594594,0.7666666666666666,0.3720808301519067,0.3720808301519067,0.6623376623376624,3.330339855808189,1.0,1,1.555042540455673,0.8626816721787238,9,5.656854249492381,0.717157287525381,5.0,1.7999999999999998,0.7335786437626906,2,2.5,2.5,0.7071067811865476,2,0.13513513513513514,0.1355815361366601,0.8647309445644074,1,1.75
raw,mexh,3115238282.755142,0.5854159534406025,492.4721671877844,-40.21494580384083,598,127,63067.078834342894,-850249.7812977813,False,14.910467360932426,231544.18686023875,0.011675293980722897,5.825760718465662e-08,0.14356255082573494,51657.93062320669,,,,[],[],7,45442.07428534266,5474.426701173419,137381.05047432854,"[63, 160, 227, 271, 367, 487, 521]","[132886.85912283065, 5740.924214821425, 6391.5677831434, 7242.8285997523835, 22976.863101348812, 5474.426701173419, 137381.05047432854]","[0, 159, 221, 250, 299, 299, 299]","[597, 299, 299, 299, 402, 488, 597]",3605060078287.641,147459.4811132448,-147459.4811132448,0.0,,,,CWT,txu.059172014718829,3604991852454.641,,0.0,-73.5,79.0,0.0,-73.5,,146704.4811132448,45082.2021923194,287145.5199973986,45082.20219231941,,0.0,45082.2021923194,,,5471.426701173419,0.0,-82.5,136626.05047432854,146704.4811132448,,51360.93062320669,1.0,0.11904664313722219,0.9363955743660554,0.7086790979707905,0.0,0.5581220957792429,0.22396156642480547,0.0,0.07237715010508797,1.0,1.0,1.0000000000000002,,1.0,0.8238556214900052,0.9999999999999999,,,,,0.5,,0.6718747069139358,0.638888888888889,0.0,0.40192493928961154,0.40192493928961154,0.4181818181818182,3.177873537474594,1.0,1,1.5067987869323758,0.7959402384424041,5,0,0.6377877188684973,1.0,1,0.0,0.4432756222097645,0.7877427425478379,6,2.6299556396765835,0.7370044360323417,3.25,1.6901408450704225,0.7060022180161709,2,mexh,0.2857142857142857,,,2,2.0,,1.0,0.0016837527721386691,0.28505723019072926,0.9134892861905295,0.7113730967861029,0.0,0.4268924629688333,0.23148451934725983,0.0,0.07237715010508794,0.2579486659649669,0.2579486659649669,0.257948665964967,,0.9999999999999999,0.7739487565698214,1.0,,,,,0.8000000000000002,,0.672134954138836,0.3108108108108108,0.0,0.4077070077148578,0.4077070077148578,0.2987012987012987,2.5508129436616085,0.7659317229179875,2,1.5473214483608324,0.8583982879843138,10,5.656854249492381,0.717157287525381,6.0,3.3333333333333335,0.7085786437626904,3,2.5,2.5,0.7071067811865476,2,0.13513513513513514,0.1355815361366601,0.8647309445644074,1,2.5
smoothed,gaus2,1776605694.1630642,0.6037974350196192,299.7874908223164,-41.018576276687114,598,127,42232.64173837526,,False,14.566737926058185,203024.86802814042,0.012435481581356551,1.1067969320879445e-05,0.29034449002125795,22142.150077387967,,,,[],[],8,40929.20008282481,4996.808622861877,132645.66462993174,"[59, 167, 227, 270, 359, 440, 523, 561]","[110258.12363712635, 10876.913662261699, 6349.432641289049, 8481.39046993485, 42709.45370304709, 4996.808622861877, 132645.66462993174, 11115.813296145905]","[0, 151, 201, 201, 201, 400, 400, 549]","[400, 201, 251, 299, 400, 448, 597, 597]",2049588515396.62,119743.30883461777,-119743.30883461777,0.0,,,,CWT,txu.059172014718829,2049532839419.78,,0.0,-48.0,62.0,0.0,-61.5,,119224.50883461777,40782.80008282481,317185.6006625985,40782.80008282482,,0.0,40782.80008282481,,,4991.808622861877,0.0,-52.5,132126.86462993175,119224.50883461777,,21840.250077387966,0.588158409417347,0.2899884520663786,0.5615125889165189,0.3708987950670619,0.15000812611734193,0.6570548825657121,0.19280548220177576,,0.03112390576804451,0.19560667341116136,0.19560667341116136,0.19560667341116145,,0.43236041193495756,0.8561209204476072,0.9876875294390359,,,,,0.375,,0.3650363071870628,1.0,1.0,0.29014407228709116,0.29014407228709116,0.3181818181818182,2.0356797548559906,0.5691709510889277,2,1.5165936824107535,0.7982072012688177,6,0,0.46661564698329966,0.646427321560428,2,0.0,0.4763033420440171,0.9125467811982696,5,2.0615528128088303,0.793844718719117,3.75,2.926829268292683,0.7094223593595586,2,gaus,0.8035714285714286,1.0,0.13749999999999996,1,1.75,1.0,0.5796917992940782,1.0,0.2386170498538388,0.5672754983589714,0.36816675632439,0.2005170927894292,0.657054882565712,0.19158520196299006,,0.058289848047896484,0.1956066734111614,0.1956066734111614,0.19560667341116145,,0.4233587530989399,0.8692766769912764,0.9551124902637103,,,,,0.12,,0.36503630718706287,1.0,0.9999999999999999,0.2833927327905633,0.2833927327905633,0.6103896103896105,1.9833600894490564,0.5955428500758055,3,1.5044617679694596,0.8346212788111496,11,5.656854249492381,0.717157287525381,7.0,4.714285714285714,0.6835786437626905,4,10.5,10.5,5.21536192416212,16,0.5675675675675675,1.0,0.3027027027027027,2,3.5
raw,gaus4,995725317.3481795,0.6681984567982514,327.95959027607205,-34.40650776755279,598,127,30256.584749737238,,False,14.694940227224143,174006.074145539,0.01775344272015841,9.286772643998369e-07,0.20480288271704508,0.0,,,,[],[],10,32495.047359661472,4513.581500235123,92826.94589390061,"[28, 140, 169, 226, 271, 359, 434, 494, 528, 566]","[92826.94589390061, 8372.920153778588, 20813.248178448703, 6072.0878768210605, 13457.32343967064, 58727.54453306339, 8186.375758380342, 4513.581500235123, 28647.777457752927, 83332.66880456332]","[0, 123, 150, 200, 200, 200, 401, 449, 449, 449]","[449, 150, 200, 250, 300, 449, 449, 497, 548, 597]",946599029151.887,92561.78044159085,-92561.78044159085,0.0,,,,CWT,txu.059172014718829,946530803318.887,,0.0,-67.5,76.0,0.0,-81.0,,91806.78044159085,32135.175266638216,294001.4735966147,32135.175266638213,,0.0,32135.175266638216,,,4510.581500235123,0.0,-76.5,92071.94589390061,91806.78044159085,,297.0,0.33342869362912325,0.5326447079950912,0.7138671550258983,0.16019401227107427,0.9030451019821898,0.7116528755903216,0.14267616775711475,,0.0441552852757387,0.2073003378326112,0.2073003378326112,0.207300337832611,,0.0,0.8470149411229747,0.5554922885356474,,,,,0.2,,0.14579693433064114,0.9722222222222223,0.8571428571428571,0.15115356235564298,0.15115356235564298,0.14545454545454548,1.3264578135963774,0.41740421635861963,5,1.5595956746661286,0.8238292756358659,4,0,0.3351062294495535,0.5254196961397553,4,0.125,0.49339410203583045,0.8768080255735554,4,0.5,0.95,4.25,4.2105263157894735,0.7625,1,gaus,0.8214285714285714,1.0,0.12500000000000003,1,1.0,,0.3380901212040925,0.08060989619000342,0.6207151214669174,0.6964043997334712,0.167960143435281,0.9030451019821897,0.5229207825446095,0.1509871051414247,,0.04415528527573867,0.07021478212742586,0.07021478212742586,0.0702147821274258,,0.002544383062816284,0.7957051495170743,0.5554922885356475,,,,,0.6800000000000002,,0.1472675135171242,0.47297297297297297,0.19999999999999998,0.15936003760835865,0.15936003760835865,0.10389610389610393,1.2507650899335974,0.37556680221456507,12,1.5610025455500451,0.8659880686452154,8,2.8284271247461903,0.8585786437626906,10.0,9.600000000000001,0.6792893218813453,5,10.5,10.5,5.21536192416212,16,0.5675675675675675,1.0,0.3027027027027027,2,4.25
raw,gaus1,4240990732.6276007,0.6240881679087773,258.404455148381,-41.88679852473852,598,127,55328.26625717597,,False,14.003533070208249,780865.3145640361,0.02132905926902305,5.028362509781475e-07,-0.07906109782278206,2799.275867197603,,,,[],[],2,37102.48780971131,37056.392279696214,37148.58333972641,"[188, 389]","[37056.392279696214, 37148.58333972641]","[2, 2]","[305, 475]",5263195731162.885,278387.28500972193,-278387.28500972193,0.0,,,,CWT,txu.059172014718829,5263127505329.885,,0.0,-85.0,84.0,0.0,-85.0,,277632.28500972193,36742.61571668805,43255.97561942262,36742.61571668805,,0.0,36742.61571668805,,,37053.392279696214,0.0,-76.0,36393.58333972641,277632.28500972193,,2502.275867197603,0.8427798619545377,0.0,0.0,1.0,0.42186153404194265,0.0,1.0,,1.0000000000000002,0.48939726318666943,0.48939726318666943,0.4893972631866692,,0.0431865671185795,0.0,0.0,,,,,0.9999999999999999,,1.0,0.0,0.9285714285714285,1.0,1.0,0.0,2.154907963284435,0.6780974566397964,3,1.3215785722031383,0.6981008831452865,8,0,0.5314249846607156,0.8332317618211897,2,0.125,0.46012734228521146,0.8176898443593588,5,2.6457513110645907,0.735424868893541,4.5,3.4532374100719427,0.6427124344467705,4,gaus,0.8214285714285714,1.0,0.12500000000000003,1,3.25,,0.8438793246524083,0.04199635085020619,0.18844424141216565,0.0,1.0,0.4218615340419426,0.07780593424969978,1.0,,0.9999999999999999,0.13702337804702805,0.13702337804702805,0.13702337804702802,,0.0456210670114781,0.0,0.0,,,,,1.0,,0.9995053388248062,0.0,0.21666666666666665,0.9999999999999999,0.9999999999999999,0.0,1.7675509098271338,0.5307419021348481,5,1.4786962348147403,0.8203274877101189,13,5.656854249492381,0.717157287525381,9.0,7.222222222222221,0.6335786437626905,6,10.5,10.5,5.21536192416212,16,0.5675675675675675,1.0,0.3027027027027027,2,5.0
smoothed,gaus1,4212260607.1773124,0.6045874700445053,239.9131821865552,-45.14775775729603,598,127,55078.07711856076,,False,14.016581463262286,776341.4053308651,0.021196591573616884,8.66568810409601e-06,-0.12868043155281894,1777.0008466441143,,,,[],[],3,27439.227917284366,10122.901966493853,43117.817171681076,"[146, 188, 383]","[10122.901966493853, 29076.96461367816, 43117.817171681076]","[2, 2, 2]","[154, 305, 474]",5265688647192.005,273007.4335311623,-273007.4335311623,0.0,,,,CWT,txu.059172014718829,5265632971215.165,,0.0,-68.5,67.0,0.0,-68.5,,272488.63353116234,27292.827917284365,72069.6837518531,27292.827917284365,,0.0,27292.827917284365,,,10117.901966493853,0.0,-68.5,42599.01717168107,272488.63353116234,,1475.1008466441144,0.8510835262086669,0.0,0.0,1.0,0.15975946692670262,0.0,1.0,,0.2387552590601488,0.0,0.0,0.0,,0.02610017795583963,0.0,0.0,,,,,1.0,,1.0,0.0,0.0,1.0,1.0,0.0,1.3846766666959645,0.3871521212774166,4,1.4471098296660045,0.7616367524557919,8,0,0.3046325312154279,0.4220235486891216,5,0.0,0.4713057845722225,0.9029719901309459,6,1.707825127659933,0.8292174872340067,5.75,5.393258426966293,0.6271087436170033,5,gaus,0.8035714285714286,1.0,0.13749999999999996,1,4.0,0.7596032834424107,0.8388320778176053,0.7821708295829315,0.0,0.013142702154692931,0.9926340048039842,0.2091353059465676,0.0,0.9936709256145079,,0.20885303273710115,0.0,0.0,0.0,,0.02555677737837612,0.09143620173687983,0.0619104169472493,,,,,0.32000000000000006,,1.0,0.44594594594594594,0.4666666666666666,0.9767310790004785,0.9767310790004785,0.4285714285714286,1.3477755864281213,0.4046961105418625,8,1.4703117183239298,0.8156760595218051,14,4.242640687119285,0.7878679656440357,11.0,10.181818181818182,0.6189339828220178,7,10.5,10.5,5.21536192416212,16,0.5675675675675675,1.0,0.3027027027027027,2,5.75
smoothed,gaus8,541225544.4485806,0.663102730887736,275.1799496892482,-33.67819325595886,598,127,19415.498830846573,,False,14.896006898428702,102704.94997870867,0.01992632001571671,5.7815055096187135e-06,0.44210598184195266,3075.069762638047,,,,[],[],11,33511.60083666012,6053.90747488769,77610.15597105463,"[22, 56, 140, 170, 227, 259, 361, 433, 493, 522, 568]","[77610.15597105463, 9734.79644361225, 14537.741744491592, 38735.15262230582, 20662.504089893635, 6053.90747488769, 72431.71231835072, 21471.259201401095, 7395.335814085851, 30870.764811890927, 69124.27871128709]","[0, 50, 101, 101, 201, 252, 101, 400, 451, 101, 101]","[101, 101, 150, 299, 299, 299, 451, 451, 499, 547, 597]",378718507871.2235,70865.0658137927,-70865.0658137927,0.0,,,,CWT,txu.059172014718829,378662831894.3835,,0.0,-60.0,59.0,0.0,-46.5,,70346.26581379269,33365.20083666012,358379.6092032613,33365.20083666012,,0.0,33365.20083666012,,,6048.90747488769,0.0,-55.5,77091.35597105463,70346.26581379269,,2773.169762638047,0.12112869915465083,0.8054965060842454,0.8975782095693154,0.0518145370373331,0.8820087762067272,0.8950255235759406,0.05156119112229081,,0.07394147667363733,0.08805034227611601,0.08805034227611601,0.08805034227611601,,0.051995091641844224,1.0,0.38052576779771413,,,,,0.0,,0.03515174305303631,0.41463414634146345,0.8125,0.06376030104759078,0.06376030104759078,1.0,1.1834815873500757,0.3308984819746016,7,1.8670658656777654,0.9826662450935608,2,0,0.2971728467450876,0.41168925346558277,6,0.0,0.5219495064336108,1.0,1,2.943920288775949,0.7056079711224051,4.0,2.2105263157894735,0.6528039855612026,4,gaus,0.8035714285714286,1.0,0.13749999999999996,1,3.25,0.4709826087183835,0.11938503715125093,0.5206447861301362,0.662802944668298,0.8989243086550963,0.05143287140643235,0.847457627118644,0.8950255235759406,0.05123485650827325,,0.08933886706157278,0.08805034227611602,0.08805034227611602,0.088050342276116,,0.05091256404868946,1.0,0.40603383110060737,,,,,0.0,,0.03515174305303631,0.6756756756756757,0.8999999999999999,0.06227666763960871,0.06227666763960871,1.0,1.234574271891554,0.3707051908646585,13,1.7823565066973026,0.9887872849868751,2,7.7781745930520225,0.6110912703473989,7.5,3.466666666666667,0.6180456351736994,8,10.5,10.5,5.21536192416212,16,0.5675675675675675,1.0,0.3027027027027027,2,6.5
smoothed,gaus6,703163360.3510973,0.6400468754114765,291.23097931003997,-35.42478838068541,598,127,24031.741986371948,,False,14.819507350020928,130307.13016766294,0.019734421097851933,6.792344915777821e-06,0.3982521929205411,1746.0744880349434,,,,[],[],11,32138.52498751738,4478.403699361323,83329.34091371964,"[23, 56, 140, 170, 227, 270, 359, 433, 494, 526, 566]","[83329.34091371964, 8955.29699254263, 15208.424310658893, 27112.236347081303, 17200.271789930393, 7723.997007044936, 64892.644560564855, 16491.52961783816, 4478.403699361323, 28463.822680726164, 79667.8069432229]","[0, 50, 101, 101, 201, 251, 101, 401, 449, 449, 449]","[449, 449, 150, 201, 299, 299, 449, 449, 498, 547, 597]",565539672971.0593,78656.779545104,-78656.779545104,0.0,,,,CWT,txu.059172014718829,565483996994.2194,,0.0,-55.5,59.0,0.0,-51.0,,78137.979545104,31992.124987517378,343275.7748626912,31992.12498751738,,0.0,31992.124987517378,,,4473.403699361323,0.0,-55.5,82810.54091371964,78137.979545104,,1444.1744880349434,0.2156156694192674,0.6828348069110121,0.8194995857918285,0.09364118274323308,0.5974321469202007,0.8262602911368345,0.09042336773527432,,0.010126021296544413,0.0681405310551484,0.0681405310551484,0.06814053105514846,,0.0254832342967322,0.9472465569722852,0.44362085839575316,,,,,0.0,,0.07203637102672603,0.6341463414634148,0.8125,0.09984829091582964,0.09984829091582964,0.7954545454545454,1.1522526542879277,0.3221669506568317,8,1.7082435389213564,0.8990755468007139,4,0,0.29605229313593623,0.4101368913171816,7,0.0,0.48723056773408735,0.9334821888485882,4,2.0615528128088303,0.793844718719117,5.75,5.209302325581396,0.6094223593595585,6,gaus,0.8035714285714286,1.0,0.13749999999999996,1,4.75,0.5721374912150482,0.21251185626245306,0.6123036259571185,0.5618707434781753,0.8218718489745652,0.09295142224099721,0.5959494398161449,0.8262602911368344,0.08985107151469107,,0.04306330201986327,0.06814053105514842,0.06814053105514842,0.06814053105514846,,0.024952678365048067,0.9520701314312823,0.46309303662714324,,,,,0.0,,0.07203637102672601,0.7972972972972973,0.8999999999999999,0.097524928922572,0.097524928922572,0.8831168831168832,1.2156846552028278,0.3650332121758222,14,1.6468030473476258,0.9135871011082249,6,5.656854249492381,0.717157287525381,10.0,8.4,0.6085786437626906,9,10.5,10.5,5.21536192416212,16,0.5675675675675675,1.0,0.3027027027027027,2,7.25
raw,gaus6,714724097.5208793,0.661627998841282,301.54265469566315,-32.257701261309805,598,127,23946.683310411343,,False,14.819043694877942,132333.73161855707,0.019096299844568263,7.453377070386258e-07,0.23517658448915219,1937.1543129055708,,,,[],[],11,31590.427748207716,6524.1954869525725,84546.86627068758,"[23, 55, 140, 169, 226, 270, 359, 432, 494, 528, 567]","[84546.86627068758, 8206.257350191205, 12308.772345903704, 31147.815725755507, 9759.396740202788, 19677.063454435724, 68509.24673801567, 6524.1954869525725, 6593.753943063946, 29525.664390434347, 70695.67278464184]","[0, 50, 100, 100, 200, 200, 100, 401, 450, 450, 450]","[450, 450, 150, 200, 250, 300, 450, 450, 498, 548, 597]",577617488506.0638,80280.57116174829,-80280.57116174829,0.0,,,,CWT,txu.059172014718829,577549262673.0638,,0.0,-67.0,75.0,0.0,-76.0,,79525.57116174829,31230.55565518446,316545.7052302849,31230.555655184464,,0.0,31230.55565518446,,,6521.1954869525725,0.0,-80.5,83791.86627068758,79525.57116174829,,1640.1543129055708,0.20523802284442608,0.6856535215838231,0.842002058582921,0.08747684533026796,0.8313702958919859,0.787800374710627,0.08380470298526294,,0.10321087102641663,0.15191374873337993,0.15191374873337993,0.15191374873338023,,0.02630338668631898,0.9231690542931053,0.4728835305162151,,,,,0.1,,0.07277988294656626,1.0,0.2857142857142857,0.09505329360412182,0.09505329360412182,0.32727272727272727,1.1873008538566923,0.37361488424747746,6,1.6188931211953663,0.8551521198927251,3,0,0.28265582656171573,0.44318167032625994,6,0.125,0.4970851174184735,0.8833673093117745,3,1.7320508075688772,0.8267949192431123,4.5,4.0,0.6883974596215562,3,gaus,0.8214285714285714,1.0,0.12500000000000003,1,2.5,,0.21079590594026515,0.06398540468350988,0.7448903052495454,0.8214048426986575,0.09591543068580405,0.8313702958919857,0.5705484725063144,0.09268634310643886,,0.10321087102641659,0.05709765847975988,0.05709765847975988,0.05709765847975992,,0.028780843857555884,0.8672460599123978,0.47288353051621523,,,,,0.6400000000000001,,0.0744184503576738,0.48648648648648646,0.06666666666666665,0.10380213488061171,0.10380213488061171,0.2337662337662338,1.2036050122824369,0.3614060619619112,15,1.5858707576309863,0.8797840582879135,7,5.656854249492381,0.717157287525381,11.0,9.545454545454547,0.5835786437626904,10,10.5,10.5,5.21536192416212,16,0.5675675675675675,1.0,0.3027027027027027,2,8.0
raw,gaus5,833818135.1216265,0.6686988123140126,314.2079252283134,-33.38598781163728,598,127,24385.686409237132,,False,14.793606422011548,162371.55918854458,0.018508738217626466,4.095626897309687e-07,-0.05381120540074493,0.0,,,,[],[],9,29886.972074213936,4773.617136070765,123123.55831112752,"[47, 84, 144, 188, 273, 348, 389, 496, 535]","[4773.617136070765, 123123.55831112752, 8114.379902290047, 22359.58733462957, 14639.823756038071, 6081.056940322681, 62118.04787327345, 10837.189129691527, 16935.488284481784]","[3, 3, 135, 155, 223, 306, 306, 476, 476]","[52, 476, 155, 306, 306, 352, 476, 502, 552]",743092969534.3517,123330.46929279387,-123330.46929279387,0.0,,,,CWT,txu.059172014718829,743024743701.3517,,0.0,-81.5,77.0,0.0,-81.5,,122575.46929279387,29527.09998119068,238033.74866792542,29527.099981190688,,0.0,29527.09998119068,,,4770.617136070765,0.0,-81.5,122368.55831112752,122575.46929279387,,297.0,0.214156720268811,0.6053122782228408,0.815738469280311,0.1182958610597749,0.9085033036483778,0.06330200300974032,0.12623982422819516,,0.051793030209262764,0.047617314884653233,0.047617314884653233,0.047617314884653844,,0.0,0.6579567142846502,0.8577557495012603,,,,,0.3,,0.10552550940771421,0.19444444444444442,0.14285714285714285,0.2917041933523449,0.2917041933523449,0.12727272727272726,1.164878860581421,0.3665592248542187,7,1.3336696005389161,0.7044877584600626,7,0,0.22599040352398955,0.35433483091352147,9,0.125,0.40111406567400726,0.7128176654366799,9,1.1547005383792515,0.8845299461620748,8.0,7.875,0.5422649730810374,8,gaus,0.8214285714285714,1.0,0.12500000000000003,1,6.25,,0.21965223365009817,0.03353868056315993,0.6796889065478335,0.7957837183558982,0.12644944663916702,0.9085033036483778,0.11739920005793769,0.13471009629650482,,0.05179303020926273,0.032397288930854896,0.032397288930854896,0.032397288930854994,,0.002544383062816284,0.6180995402767281,0.8577557495012604,,,,,0.7200000000000001,,0.10708873990026434,0.09459459459459457,0.033333333333333326,0.2985518536016909,0.2985518536016909,0.09090909090909088,1.2758350278863702,0.3830945438380064,10,1.4091322406913382,0.7817358857361804,16,4.242640687119285,0.7878679656440357,13.0,12.307692307692307,0.5689339828220179,11,10.5,10.5,5.21536192416212,16,0.5675675675675675,1.0,0.3027027027027027,2,8.75
raw,gaus7,639038347.6275058,0.67708635082822,295.3167610133581,-31.604520635245684,598,127,20571.794103606546,,False,14.87840690749528,125149.24766973128,0.01961325706496617,4.828961856814412e-07,-0.056464915691084985,0.0,,,,[],[],10,29109.24667913226,7326.041556428963,101592.50704383026,"[47, 83, 144, 188, 273, 348, 391, 443, 496, 535]","[8526.345477056195, 101592.50704383026, 10282.56793513182, 32710.24855009502, 19547.521124008952, 7326.041556428963, 59774.489348693285, 7865.3730328525935, 13987.371231653324, 29480.001491572144]","[3, 3, 135, 155, 223, 306, 155, 428, 476, 476]","[52, 476, 155, 306, 306, 352, 476, 476, 504, 556]",492977505831.01984,105130.85765192946,-105130.85765192946,0.0,,,,CWT,txu.059172014718829,492909279998.01984,,0.0,-81.0,76.0,0.0,-76.5,,104375.85765192946,28749.374586109003,260143.46679132257,28749.374586109,,0.0,28749.374586109003,,,7323.041556428963,0.0,-81.0,100837.50704383026,104375.85765192946,,297.0,0.13667446200209374,0.7321641740613035,0.9032936539537838,0.06789097551298023,1.0,0.05664909637638482,0.07365501933300905,,0.12676262667301735,0.0,0.0,0.0,,0.0,0.7326430466240577,0.6429446021473474,,,,,0.2,,0.056030638652898215,0.22222222222222227,0.21428571428571427,0.20856880489335955,0.20856880489335955,0.3090909090909091,1.0227344291403762,0.3218298075993065,10,1.41801480405455,0.749041644473192,6,0,0.208651240677349,0.3271484139699622,10,0.125,0.41808248303422213,0.7429721493701696,8,1.9148542155126762,0.8085145784487324,8.5,8.135593220338983,0.4792572892243662,9,gaus,0.8214285714285714,1.0,0.12500000000000003,1,7.0,,0.14271181979192854,0.04018826616332697,0.7826362931033221,0.8811971113055583,0.07651068178952507,0.9999999999999999,0.11323803156076861,0.08263505096289153,,0.1267626266730173,0.021120150958108493,0.021120150958108493,0.021120150958108437,,0.002544383062816284,0.688261583891,0.6429446021473476,,,,,0.6800000000000002,,0.057707740567376695,0.10810810810810811,0.04999999999999999,0.2162202012223514,0.2162202012223514,0.2207792207792208,1.1712208141540683,0.3516820699579451,17,1.4816549312055753,0.8219688660541266,12,3.5355339059327378,0.8232233047033631,14.5,14.068965517241379,0.5491116523516816,12,10.5,10.5,5.21536192416212,16,0.5675675675675675,1.0,0.3027027027027027,2,9.5
smoothed,gaus5,837006621.8909518,0.6596134095278224,310.85776033884963,-36.70930856084671,598,127,24897.694762288505,,False,14.79155948192543,162940.06682052792,0.01883969377028781,5.379617888012566e-06,-0.09948831688869948,0.0,,,,[],[],8,31929.137974848454,6657.025346085393,120626.0246398548,"[46, 93, 144, 188, 273, 383, 496, 537]","[8252.229482290852, 120626.0246398548, 6657.025346085393, 20685.442855622976, 11664.37933301198, 66691.00143645407, 7071.8782948749285, 13785.122410592656]","[2, 2, 134, 155, 223, 306, 476, 476]","[52, 476, 306, 306, 306, 476, 503, 553]",754257736846.86,120580.64726081442,-120580.64726081442,0.0,,,,CWT,txu.059172014718829,754202060870.02,,0.0,-66.0,62.0,0.0,-66.0,,120061.84726081442,31782.737974848453,245185.10379878763,31782.73797484846,,0.0,31782.737974848453,,,6652.025346085393,0.0,-66.0,120107.2246398548,120061.84726081442,,301.9,0.2333403107416498,0.5926241875806965,0.7909748281451627,0.12821133332448834,0.838940354298716,0.04577489424835324,0.13636854086733874,,0.09837064161402952,0.06510438713275446,0.06510438713275446,0.06510438713275456,,0.002696232074480231,0.6046434463422584,0.8550846705120208,,,,,0.375,,0.109295509059904,0.12195121951219512,0.15625,0.29402227696489397,0.29402227696489397,0.11363636363636365,1.1921213753624693,0.3333141450220384,6,1.4228328947571505,0.7488594182932371,9,0,0.23002041414852173,0.318659438841259,9,0.0,0.3996250113531543,0.765639216873145,9,1.5,0.85,8.25,8.0,0.5125,8,gaus,0.8035714285714286,1.0,0.13749999999999996,1,6.25,0.43076564161882913,0.22998134926892505,0.48420323773699164,0.4876409191637908,0.7937219837216843,0.12726692925914543,0.8093938523412821,0.04577489424835307,0.13550545422834834,,0.10705359469978629,0.06510438713275446,0.06510438713275446,0.06510438713275456,,0.0026400970523847087,0.6407933479405052,0.835194859443192,,,,,0.12,,0.10929550905990398,0.5135135135135135,0.5499999999999999,0.2871806958300984,0.2871806958300984,0.49350649350649356,1.2525968619620973,0.37611682776985644,11,1.363604064417658,0.7564784910236748,17,4.242640687119285,0.7878679656440357,14.0,13.357142857142858,0.5439339828220179,13,10.5,10.5,5.21536192416212,16,0.5675675675675675,1.0,0.3027027027027027,2,10.25
raw,gaus8,559703330.7063509,0.6727411581913465,283.05209087018784,-30.599225163934427,598,127,19525.59328884141,,False,14.898588961583982,106190.46009547856,0.01930824025642021,6.396132319614646e-07,0.26052960472013303,3467.670695342277,,,,[],[],12,29906.377349253224,3010.265039406011,78479.87637585324,"[23, 55, 141, 170, 227, 259, 291, 361, 433, 488, 521, 567]","[78479.87637585324, 9090.660067882527, 11488.698093019691, 42112.3824378304, 23307.653763713366, 9040.020144108985, 4161.628209397163, 74132.24492696408, 11289.349343717317, 3010.265039406011, 32332.452659452894, 60431.297129692975]","[0, 50, 99, 99, 200, 251, 285, 99, 401, 455, 99, 99]","[99, 99, 150, 300, 300, 300, 300, 455, 455, 491, 547, 597]",394677420702.4567,71912.1037944393,-71912.1037944393,0.0,,,,CWT,txu.059172014718829,394609194869.4567,,0.0,-71.0,74.0,0.0,-57.5,,71157.1037944393,29546.505256229968,327927.5281910387,29546.505256229964,,0.0,29546.505256229968,,,3007.265039406011,0.0,-80.0,77724.87637585324,71157.1037944393,,3170.670695342277,0.11542005961406415,0.8037476632794187,0.924131311459474,0.04736075264329703,0.9525998276357376,0.8513609212722775,0.04687150952498781,,0.0,0.04880542973574667,0.04880542973574667,0.048805429735746614,,0.05627593998876966,0.9616167001441662,0.4123543420379252,,,,,0.0,,0.0365782228102834,0.7777777777777779,0.3571428571428571,0.056826335847207254,0.056826335847207254,1.0,1.1135600870836906,0.3504104470968405,8,1.7429535512764571,0.9206848832293884,2,0,0.2758439143431025,0.4325011382039132,7,0.125,0.528248863632751,0.9387482363939385,2,3.2015621187164243,0.6798437881283576,4.75,3.154929577464789,0.6024218940641788,5,gaus,0.8214285714285714,1.0,0.12500000000000003,1,4.0,,0.12160605245079362,0.054398735754851206,0.8407302859980936,0.9015250340359092,0.05617031277414403,0.9525998276357376,0.6103034485778469,0.056111181753410705,,0.0,0.032678668406696955,0.032678668406696955,0.03267866840669689,,0.05867713550303445,0.9033646551167961,0.4123543420379253,,,,,0.6000000000000001,,0.03830007833696776,0.37837837837837834,0.08333333333333331,0.06594474760064856,0.06594474760064856,0.7142857142857144,1.1911651201319622,0.3576707398359188,16,1.6836930646523744,0.9340523559081594,4,8.48528137423857,0.5757359312880715,10.0,6.4,0.5378679656440357,14,10.5,10.5,5.21536192416212,16,0.5675675675675675,1.0,0.3027027027027027,2,11.0
raw,gaus2,1825972890.445176,0.6193479577594607,311.0033664159231,-37.85469126882002,598,127,42792.431493895,,False,14.567076173260407,209177.03835103754,0.012679525464467347,1.0028795311236055e-06,0.17096918925629428,24321.924432486107,,,,[],[],8,41302.930199286246,7618.253954273961,120051.09994165265,"[55, 167, 226, 271, 359, 439, 523, 562]","[115242.61835073098, 7618.253954273961, 8554.722399006507, 10216.992702384323, 46466.583455207234, 7946.986155095187, 120051.09994165265, 14326.184635939178]","[0, 152, 201, 201, 201, 401, 401, 548]","[401, 201, 251, 299, 401, 449, 597, 597]",2094954116949.2146,123647.05447942218,-123647.05447942218,0.0,,,,CWT,txu.059172014718829,2094885891116.2146,,0.0,-73.0,78.0,0.0,-77.5,,122892.05447942218,40943.058106262986,299474.44159428996,40943.05810626299,,0.0,40943.058106262986,,,7615.253954273961,0.0,-82.0,119296.09994165265,122892.05447942218,,24024.924432486107,0.5881043994923552,0.28711191337990305,0.5818495044896722,0.3750445079813713,0.3701522550991106,0.6268311056799735,0.19236298771151072,,0.13534546476742457,0.7465751683754659,0.7465751683754659,0.7465751683754658,,0.464670935881748,0.8655025538766061,0.8271024247123088,,,,,0.4,,0.3730427263724347,0.6666666666666667,0.0714285714285714,0.29315034687419306,0.29315034687419306,0.2727272727272727,2.383295728494352,0.7499655667192847,2,1.3028840135074082,0.6882258078300562,9,0,0.49303662966484413,0.773041899488976,3,0.125,0.4253866676905567,0.7559523769418408,7,3.304037933599835,0.6695962066400165,5.25,3.6788321167883216,0.5722981033200083,6,gaus,0.8214285714285714,1.0,0.12500000000000003,1,4.75,,0.5909848437777061,0.08733825841944581,0.4214515680747975,0.5676161902905417,0.3808238027157816,0.37015225509911054,0.46986762904694124,0.20019225873599703,,0.1353454647674245,0.19793043942546534,0.19793043942546534,0.1979304394254654,,0.4660330180855239,0.8130728344965608,0.8271024247123089,,,,,0.7600000000000001,,0.3739904877179495,0.32432432432432434,0.016666666666666663,0.29998402600450225,0.29998402600450225,0.19480519480519484,1.9558941658812565,0.5872956666780216,4,1.3466727251600052,0.7470855929626758,18,9.899494936611665,0.5050252531694167,11.0,6.545454545454545,0.47751262658470833,15,10.5,10.5,5.21536192416212,16,0.5675675675675675,1.0,0.3027027027027027,2,11.75
smoothed,gaus7,631209342.8955036,0.6685803070602797,290.3639301588335,-34.83590185978384,598,127,20087.79111131589,,False,14.873408758611905,123550.34670339304,0.020456759042371767,5.235463317156891e-06,-0.10560601535585096,85.40834348558543,,,,[],[],10,27945.176273745754,4384.964538867202,96782.40399803327,"[46, 83, 144, 192, 273, 346, 391, 443, 496, 536]","[12672.58117009603, 96782.40399803327, 8950.299725303443, 30626.67514748161, 15579.898173680225, 4384.964538867202, 66156.05354388643, 8109.469734452873, 10381.44116881254, 25807.975536843893]","[2, 2, 134, 155, 223, 306, 155, 429, 476, 476]","[52, 476, 155, 306, 306, 352, 476, 476, 504, 554]",489920061192.63605,102961.18162378362,-102961.18162378362,0.0,,,,CWT,txu.059172014718829,489864385215.796,,0.0,-65.0,60.0,0.0,-65.0,,102442.38162378361,27798.776273745752,269203.7627374575,27798.77627374575,,0.0,27798.776273745752,,,4379.964538867202,0.0,-65.0,96263.60399803327,102442.38162378361,,216.49165651441456,0.13488942591311948,0.7241917420423349,0.8745136073128216,0.07505630077197704,0.9496180724849665,0.036181995494726005,0.08091023107264131,,0.006341287378662533,0.007336329068051234,0.007336329068051234,0.007336329068051192,,0.0009924383425962656,0.6885338629975701,0.592037502137015,,,,,0.125,,0.057106578428165466,0.17073170731707318,0.21875,0.212416211942541,0.212416211942541,0.15909090909090912,0.8835731106544239,0.24704482448584236,10,1.5013529669422052,0.7901857720748449,7,0,0.17610183548437344,0.24396318162496797,10,0.0,0.4114626803363798,0.7883189374923102,8,1.5,0.85,8.75,8.549618320610687,0.4875,9,gaus,0.8035714285714286,1.0,0.13749999999999996,1,7.0,0.4163400675984513,0.1329476766145091,0.47113188274243967,0.5959013049771344,0.8761628375963759,0.07450343642105998,0.907210571674807,0.036181995494726005,0.08039814420163521,,0.04031881481770228,0.007336329068051248,0.007336329068051248,0.007336329068051192,,0.0009717759712754188,0.717013143534731,0.5973116532980022,,,,,0.040000000000000036,,0.05710657842816545,0.5405405405405406,0.5833333333333333,0.20747351588783242,0.20747351588783242,0.5194805194805195,1.0201728138612682,0.3063269390005538,20,1.4236140723505506,0.7897698850815097,15,3.5355339059327378,0.8232233047033631,17.5,17.142857142857142,0.47411165235168157,16,10.5,10.5,5.21536192416212,16,0.5675675675675675,1.0,0.3027027027027027,2,12.5
raw,gaus3,1227704785.3999693,0.6365443868011482,328.28260108696134,-35.78445916482126,598,127,33484.43958364039,,False,14.64681575862727,236676.49693441138,0.018000729903344996,3.7212114595030246e-07,-0.05605284668960387,1490.8091959263961,,,,[],[],7,32500.192977559203,5955.6948944973265,135355.48615358467,"[93, 144, 181, 347, 382, 496, 545]","[135355.48615358467, 8220.660630082173, 15107.06211811959, 6245.974042426421, 50382.88001005612, 6233.592994148072, 5955.6948944973265]","[3, 134, 155, 306, 306, 476, 476]","[476, 476, 476, 352, 476, 502, 552]",1291073532987.3267,157650.2238809846,-157650.2238809846,0.0,,,,CWT,txu.059172014718829,1291005307154.3267,,0.0,-82.5,79.0,0.0,-73.5,,156895.2238809846,32140.320884535948,196552.35084291443,32140.32088453594,,0.0,32140.320884535948,,,5952.6948944973265,0.0,-82.5,134600.48615358467,156895.2238809846,,1193.8091959263961,0.3990051341381335,0.43452572526378036,0.6641793883665879,0.22022538763495653,0.5577420281528307,0.057682161893496064,0.2312120974342931,,0.0865129192023254,0.20761538541786673,0.20761538541786673,0.2076153854178663,,0.017562478739520083,0.5178331068025877,0.9797913352963391,,,,,0.5,,0.21396433507115495,0.1388888888888889,0.0,0.4484760072684117,0.4484760072684117,0.4181818181818182,1.5542990060241955,0.4891003331930484,4,1.1612738783927283,0.6134227182028691,10,0,0.31375236092664704,0.4919385426286929,5,0.125,0.36011741755486837,0.6399627408557907,10,3.2015621187164243,0.6798437881283576,7.25,6.153846153846153,0.4774218940641788,10,gaus,0.8214285714285714,1.0,0.12500000000000003,1,7.75,,0.4032079763747669,0.03014363240481098,0.5410860960045418,0.6479321047541365,0.2274363768475032,0.5577420281528306,0.11388417916545063,0.23866476336954778,,0.08651291920232536,0.07028939437919844,0.07028939437919844,0.07028939437919832,,0.020062176128890462,0.4864642282779063,0.9797913352963392,,,,,0.8000000000000002,,0.21527808348440625,0.0675675675675676,0.0,0.4538080294068223,0.4538080294068223,0.2987012987012987,1.5080324705554928,0.4528163898724779,7,1.2564577693125498,0.6970375801647706,19,8.48528137423857,0.5757359312880715,13.0,10.230769230769232,0.46286796564403576,17,10.5,10.5,5.21536192416212,16,0.5675675675675675,1.0,0.3027027027027027,2,13.25
smoothed,morl,340618184.7567608,0.6726621546888579,239.00444829383179,-30.90863391913802,598,127,13497.650826572666,,False,14.996357293146113,66083.19041315977,0.017597458788800695,1.074982514805728e-06,0.509051564194386,2766.2754584855547,,,,[],[],11,32948.38473855361,7401.991490264865,65874.11873772462,"[22, 58, 139, 170, 227, 259, 362, 432, 487, 522, 573]","[65874.11873772462, 12134.394977243915, 17052.691094969807, 48227.40047245602, 22923.982360417747, 7401.991490264865, 55995.561637473686, 28250.120913996492, 16315.619221165773, 35068.141549191874, 53188.209669184835]","[0, 51, 100, 100, 201, 252, 100, 399, 399, 399, 100]","[100, 100, 150, 299, 299, 299, 399, 455, 499, 546, 597]",200674429532.06564,57098.6572385594,-57098.6572385594,0.0,,,,CWT,txu.059172014718829,200618753555.22565,,0.0,-55.5,59.0,0.0,-46.5,,56579.857238559394,32801.984738553605,352184.23212408967,32801.984738553605,,0.0,32801.984738553605,,,7396.991490264865,0.0,-55.5,65355.31873772462,56579.857238559394,,2464.3754584855546,0.0,0.9999999999999999,0.9999999999999999,0.0,1.0,1.0,0.0,,0.12854534158607311,0.07988362213686682,0.07988362213686682,0.07988362213686682,,0.04583501666105175,0.9783612912845975,0.25105166616919344,,,,,0.0,,0.0,0.6341463414634148,0.8125,0.0,0.0,1.0,1.092747483602765,0.3055294542565303,9,1.9,1.0,1,0,0.2921493231124952,0.40472990062860337,8,0.0,0.5,0.9579470692795785,3,3.8622100754188224,0.6137789924581177,5.25,2.5486725663716814,0.5443894962290589,7,morl,1.0,,,3,6.0,0.0,0.0,0.0938762661307587,0.8228501795623886,0.9999999999999999,0.0,0.9517380063200241,1.0,0.0,,0.1289346779408158,0.07988362213686684,0.07988362213686684,0.07988362213686681,,0.04488074061880383,0.9803398526200245,0.28894565030615793,,,,,0.0,,0.0,0.7972972972972973,0.8999999999999999,0.0,0.0,1.0,1.1373885148076477,0.34152325710062775,18,1.8025681901046706,1.0,1,12.020815280171307,0.3989592359914347,9.5,1.894736842105263,0.46197961799571735,18,18.5,18.5,0.7071067811865476,2,1.0,0.1355815361366601,0.25932553915900197,3,14.25
raw,morl,376686997.3618614,0.6755062807784479,247.86566824010572,-27.84312054407853,598,127,13844.296858861235,,False,14.972070636544117,73012.32180298796,0.019002218188489836,3.968870913270487e-08,0.3198187356976822,3051.048754787436,,,,[],[],12,30853.27521070051,3052.530171471473,69408.78681225685,"[18, 56, 168, 227, 260, 290, 330, 360, 434, 487, 522, 573]","[69408.78681225685, 12175.847635740512, 52065.92665205366, 27528.37226861209, 12238.018131455552, 5982.922908147399, 3052.530171471473, 50539.51681792874, 27325.389876088528, 23550.819873758926, 41321.25157415005, 45049.91980674237]","[0, 49, 99, 200, 250, 289, 299, 299, 402, 450, 450, 99]","[99, 99, 299, 299, 299, 299, 332, 450, 450, 499, 547, 597]",209834445660.49002,59471.947291138276,-59471.947291138276,0.0,,,,CWT,txu.059172014718829,209766219827.49002,,0.0,-75.5,74.0,0.0,-71.0,,58716.947291138276,30493.403117677255,339290.30252840614,30493.40311767726,,0.0,30493.403117677255,,,3049.530171471473,0.0,-75.5,68653.78681225685,58716.947291138276,,2754.048754787436,0.0,1.0,1.0,0.0,0.9827635736857234,1.0,0.0,,0.0012414079218809188,0.10678056326909999,0.10678056326909999,0.10678056326910033,,0.048117109764182486,1.0,0.3218538303482864,,,,,0.0,,0.0,0.5277777777777778,1.0,0.0,0.0,0.509090909090909,1.0360563589709484,0.3260218969551211,9,1.8931054294742893,1.0,1,0,0.2663159089078813,0.4175619897171332,8,0.125,0.5627162248122461,1.0,1,4.349329450233296,0.5650670549766704,4.75,1.7888198757763976,0.5450335274883352,7,morl,1.0,,,3,6.0,,0.006993141664540292,0.0,1.0,0.97553780816293,0.009247530117293568,0.9827635736857234,0.7032721742697144,0.009694046837082887,,0.0012414079218809049,0.04640883318872534,0.04640883318872534,0.04640883318872538,,0.050539064467883116,0.9394228022260461,0.3218538303482866,,,,,0.6000000000000001,,0.0018060099891467896,0.25675675675675674,0.23333333333333334,0.009667797246684123,0.009667797246684123,0.36363636363636365,1.0645546263970536,0.31965345054512856,19,1.7727825295564819,0.983475986810541,3,11.313708498984761,0.434314575050762,11.0,5.1818181818181825,0.44215728752538097,19,18.5,18.5,0.7071067811865476,2,1.0,0.1355815361366601,0.25932553915900197,3,15.0
smoothed,gaus3,1227917471.010767,0.6195322992652674,320.6258181828585,-39.115938280157096,598,127,33836.61254564684,,False,14.642869904051722,236622.85657522723,0.01757405792135003,5.787077748630885e-06,-0.09877626686117656,135.15762549462391,,,,[],[],4,51953.11718071281,7130.334074840597,133464.32357572898,"[94, 144, 179, 381]","[133464.32357572898, 7130.334074840597, 13428.605352631599, 53789.2057196501]","[2, 126, 155, 306]","[476, 476, 306, 476]",1312882618178.4912,153928.3175426943,-153928.3175426943,0.0,,,,CWT,txu.059172014718829,1312826942201.6511,,0.0,-68.0,66.0,0.0,-68.0,,153409.51754269432,51806.71718071281,197564.46872285125,51806.71718071282,,0.0,51806.71718071281,,,7125.334074840597,0.0,-68.0,132945.523575729,153409.51754269432,,166.74237450537606,0.4163053821944135,0.4236088923515686,0.6392160550272965,0.22917903810426438,0.3442223305704534,0.046891429144314656,0.2401093892054838,,0.11754191402140612,0.3554551686502104,0.3554551686502104,0.35545516865021043,,0.0,0.43831796879950224,0.996719124128104,,,,,0.875,,0.21958639025504473,0.024390243902439046,0.03125,0.4484748696500872,0.4484748696500872,0.022727272727272707,1.7219833943786702,0.48146223589435994,3,1.2072058233088838,0.6353714859520442,10,0,0.33491772564889827,0.4639792294450773,3,0.0,0.3513840925354482,0.6732147232715937,10,4.041451884327381,0.5958548115672619,6.5,4.615384615384616,0.47292740578363096,10,gaus,0.8035714285714286,1.0,0.13749999999999996,1,7.75,0.47154022368579085,0.4103126167985226,0.5211500542864648,0.34856665313571283,0.6439577309582678,0.2274909064105609,0.3721631715024423,0.046891429144314545,0.2385897190205472,,0.120955579069835,0.35545516865021043,0.35545516865021043,0.35545516865021043,,0.0,0.4896760403163314,0.9632800927302629,,,,,0.28,,0.21958639025504473,0.45945945945945943,0.4833333333333333,0.43803934333792854,0.43803934333792854,0.4415584415584416,1.6622742920830982,0.49913052843062056,6,1.18736083975826,0.6587050888151493,20,9.899494936611665,0.5050252531694167,13.0,9.23076923076923,0.42751262658470834,20,10.5,10.5,5.21536192416212,16,0.5675675675675675,1.0,0.3027027027027027,2,15.5
